id;a-10a;A-10C;A-10C II;A-10C II_easy;A-10C_easy;A-4E-C;AJS37;AV8BNA;Bf-109K-4;Bf-109K-4_easy;C-101CC;C-101EB;Christen Eagle II;Default;F-14;F-14_RIO;F-15C;F-16C_50;F-16C_50_easy;F-5E-3;F-5E-3_easy;F-86F;F-86F_easy;FA-18C_hornet;FA-18C_hornet_easy;FW-190A8;FW-190A8_easy;FW-190D9;FW-190D9_easy;ground_unit;I-16;J-11A;JF-17;ka-50;ka-50_easy;L-39C;L-39ZA;M-2000C;mi-8mt;mi-8mt_easy;mi-8mt_Gunner;MiG-15bis;MiG-19P;MiG-21Bis;mig-29;mig-29c;mig-29g;NS430;P-47D-30;P-51D-30-NA;SA342;SpitfireLFMkIXCW;su-25;su-25T;su-27;su-33;TF-51D;UH-1H;UH-1H_Gunner;UH-1H_TrackIR_Gunner;UiLayer;Yak-52
a2010cdnil;Absolute Camera Horizontal View;Absolute Camera Horizontal View;Absolute Camera Horizontal View;Absolute Camera Horizontal View;Absolute Camera Horizontal View;Absolute Camera Horizontal View;Absolute Camera Horizontal View;Absolute Camera Horizontal View;Absolute Camera Horizontal View;Absolute Camera Horizontal View;Absolute Camera Horizontal View;Absolute Camera Horizontal View;Absolute Camera Horizontal View;Vertical View;Horizontal View;Horizontal View;Absolute Camera Horizontal View;Absolute Camera Horizontal View;Vertical View;Absolute Camera Horizontal View;Absolute Camera Horizontal View;Absolute Camera Horizontal View;Absolute Camera Horizontal View;Absolute Camera Horizontal View;Vertical View;Absolute Camera Horizontal View;Absolute Camera Horizontal View;Absolute Camera Horizontal View;Absolute Camera Horizontal View;Absolute Camera Horizontal View;Absolute Camera Horizontal View;Absolute Camera Horizontal View;Absolute Camera Horizontal View;Absolute Camera Horizontal View;Absolute Camera Horizontal View;Absolute Camera Horizontal View;Absolute Camera Horizontal View;Absolute Camera Horizontal View;Absolute Camera Horizontal View;Absolute Camera Horizontal View;Absolute Camera Horizontal View;Absolute Camera Horizontal View;Absolute Camera Horizontal View;Horizontal View;Absolute Camera Horizontal View;Absolute Camera Horizontal View;Absolute Camera Horizontal View;;Absolute Camera Horizontal View;Absolute Camera Horizontal View;Absolute Camera Horizontal View;Absolute Camera Horizontal View;Absolute Camera Horizontal View;Absolute Camera Horizontal View;Absolute Camera Horizontal View;Absolute Camera Horizontal View;Absolute Camera Horizontal View;Absolute Camera Horizontal View;Absolute Camera Horizontal View;Absolute Camera Horizontal View;;Absolute Camera Horizontal View
a2011cdnil;Absolute Camera Vertical View;Absolute Camera Vertical View;Absolute Camera Vertical View;Absolute Camera Vertical View;Absolute Camera Vertical View;Absolute Camera Vertical View;Absolute Camera Vertical View;Absolute Camera Vertical View;Absolute Camera Vertical View;Absolute Camera Vertical View;Absolute Camera Vertical View;Absolute Camera Vertical View;Absolute Camera Vertical View;Horizontal View;Vertical View;Vertical View;Absolute Camera Vertical View;Absolute Camera Vertical View;Horizontal View;Absolute Camera Vertical View;Absolute Camera Vertical View;Absolute Camera Vertical View;Absolute Camera Vertical View;Absolute Camera Vertical View;Horizontal View;Absolute Camera Vertical View;Absolute Camera Vertical View;Absolute Camera Vertical View;Absolute Camera Vertical View;Absolute Camera Vertical View;Absolute Camera Vertical View;Absolute Camera Vertical View;Absolute Camera Vertical View;Absolute Camera Vertical View;Absolute Camera Vertical View;Absolute Camera Vertical View;Absolute Camera Vertical View;Absolute Camera Vertical View;Absolute Camera Vertical View;Absolute Camera Vertical View;Absolute Camera Vertical View;Absolute Camera Vertical View;Absolute Camera Vertical View;Vertical View;Absolute Camera Vertical View;Absolute Camera Vertical View;Absolute Camera Vertical View;;Absolute Camera Vertical View;Absolute Camera Vertical View;Absolute Camera Vertical View;Absolute Camera Vertical View;Absolute Camera Vertical View;Absolute Camera Vertical View;Absolute Camera Vertical View;Absolute Camera Vertical View;Absolute Camera Vertical View;Absolute Camera Vertical View;Absolute Camera Vertical View;Absolute Camera Vertical View;;Absolute Camera Vertical View
a2049cdnil;Absolute Horizontal Shift Camera View;Absolute Horizontal Shift Camera View;Absolute Horizontal Shift Camera View;Absolute Horizontal Shift Camera View;Absolute Horizontal Shift Camera View;Absolute Horizontal Shift Camera View;Absolute Horizontal Shift Camera View;Absolute Horizontal Shift Camera View;Absolute Horizontal Shift Camera View;Absolute Horizontal Shift Camera View;Absolute Horizontal Shift Camera View;Absolute Horizontal Shift Camera View;Absolute Horizontal Shift Camera View;Absolute Horizontal Shift Camera View;Cockpit camera move lateral;Cockpit camera move lateral;Absolute Horizontal Shift Camera View;Absolute Horizontal Shift Camera View;Absolute Horizontal Shift Camera View;Absolute Horizontal Shift Camera View;Absolute Horizontal Shift Camera View;Absolute Horizontal Shift Camera View;Absolute Horizontal Shift Camera View;Absolute Horizontal Shift Camera View;Absolute Horizontal Shift Camera View;Absolute Horizontal Shift Camera View;Absolute Horizontal Shift Camera View;Absolute Horizontal Shift Camera View;Absolute Horizontal Shift Camera View;Absolute Horizontal Shift Camera View;Absolute Horizontal Shift Camera View;Absolute Horizontal Shift Camera View;Absolute Horizontal Shift Camera View;Absolute Horizontal Shift Camera View;Absolute Horizontal Shift Camera View;Absolute Horizontal Shift Camera View;Absolute Horizontal Shift Camera View;Absolute Horizontal Shift Camera View;Absolute Horizontal Shift Camera View;Absolute Horizontal Shift Camera View;Absolute Horizontal Shift Camera View;Absolute Horizontal Shift Camera View;Absolute Horizontal Shift Camera View;Cockpit camera move lateral;Absolute Horizontal Shift Camera View;Absolute Horizontal Shift Camera View;Absolute Horizontal Shift Camera View;;Absolute Horizontal Shift Camera View;Absolute Horizontal Shift Camera View;Absolute Horizontal Shift Camera View;Absolute Horizontal Shift Camera View;Absolute Horizontal Shift Camera View;Absolute Horizontal Shift Camera View;Absolute Horizontal Shift Camera View;Absolute Horizontal Shift Camera View;Absolute Horizontal Shift Camera View;Absolute Horizontal Shift Camera View;Absolute Horizontal Shift Camera View;Absolute Horizontal Shift Camera View;;Absolute Horizontal Shift Camera View
a2053cdnil;Absolute Longitude Shift Camera View;Absolute Longitude Shift Camera View;Absolute Longitude Shift Camera View;Absolute Longitude Shift Camera View;Absolute Longitude Shift Camera View;Absolute Longitude Shift Camera View;Absolute Longitude Shift Camera View;Absolute Longitude Shift Camera View;Absolute Longitude Shift Camera View;Absolute Longitude Shift Camera View;Absolute Longitude Shift Camera View;Absolute Longitude Shift Camera View;Absolute Longitude Shift Camera View;Absolute Longitude Shift Camera View;Cockpit camera move forward/backward;Cockpit camera move forward/backward;Absolute Longitude Shift Camera View;Absolute Longitude Shift Camera View;Absolute Longitude Shift Camera View;Absolute Longitude Shift Camera View;Absolute Longitude Shift Camera View;Absolute Longitude Shift Camera View;Absolute Longitude Shift Camera View;Absolute Longitude Shift Camera View;Absolute Longitude Shift Camera View;Absolute Longitude Shift Camera View;Absolute Longitude Shift Camera View;Absolute Longitude Shift Camera View;Absolute Longitude Shift Camera View;Absolute Longitude Shift Camera View;Absolute Longitude Shift Camera View;Absolute Longitude Shift Camera View;Absolute Longitude Shift Camera View;Absolute Longitude Shift Camera View;Absolute Longitude Shift Camera View;Absolute Longitude Shift Camera View;Absolute Longitude Shift Camera View;Absolute Longitude Shift Camera View;Absolute Longitude Shift Camera View;Absolute Longitude Shift Camera View;Absolute Longitude Shift Camera View;Absolute Longitude Shift Camera View;Absolute Longitude Shift Camera View;Cockpit camera move forward/backward;Absolute Longitude Shift Camera View;Absolute Longitude Shift Camera View;Absolute Longitude Shift Camera View;;Absolute Longitude Shift Camera View;Absolute Longitude Shift Camera View;Absolute Longitude Shift Camera View;Absolute Longitude Shift Camera View;Absolute Longitude Shift Camera View;Absolute Longitude Shift Camera View;Absolute Longitude Shift Camera View;Absolute Longitude Shift Camera View;Absolute Longitude Shift Camera View;Absolute Longitude Shift Camera View;Absolute Longitude Shift Camera View;Absolute Longitude Shift Camera View;;Absolute Longitude Shift Camera View
a2047cdnil;Absolute Roll Shift Camera View;Absolute Roll Shift Camera View;Absolute Roll Shift Camera View;Absolute Roll Shift Camera View;Absolute Roll Shift Camera View;Absolute Roll Shift Camera View;Absolute Roll Shift Camera View;Absolute Roll Shift Camera View;Absolute Roll Shift Camera View;Absolute Roll Shift Camera View;Absolute Roll Shift Camera View;Absolute Roll Shift Camera View;Absolute Roll Shift Camera View;Absolute Roll Shift Camera View;Cockpit camera roll;Cockpit camera roll;Absolute Roll Shift Camera View;Absolute Roll Shift Camera View;Absolute Roll Shift Camera View;Absolute Roll Shift Camera View;Absolute Roll Shift Camera View;Absolute Roll Shift Camera View;Absolute Roll Shift Camera View;Absolute Roll Shift Camera View;Absolute Roll Shift Camera View;Absolute Roll Shift Camera View;Absolute Roll Shift Camera View;Absolute Roll Shift Camera View;Absolute Roll Shift Camera View;Absolute Roll Shift Camera View;Absolute Roll Shift Camera View;Absolute Roll Shift Camera View;Absolute Roll Shift Camera View;Absolute Roll Shift Camera View;Absolute Roll Shift Camera View;Absolute Roll Shift Camera View;Absolute Roll Shift Camera View;Absolute Roll Shift Camera View;Absolute Roll Shift Camera View;Absolute Roll Shift Camera View;Absolute Roll Shift Camera View;Absolute Roll Shift Camera View;Absolute Roll Shift Camera View;Cockpit camera roll;Absolute Roll Shift Camera View;Absolute Roll Shift Camera View;Absolute Roll Shift Camera View;;Absolute Roll Shift Camera View;Absolute Roll Shift Camera View;Absolute Roll Shift Camera View;Absolute Roll Shift Camera View;Absolute Roll Shift Camera View;Absolute Roll Shift Camera View;Absolute Roll Shift Camera View;Absolute Roll Shift Camera View;Absolute Roll Shift Camera View;Absolute Roll Shift Camera View;Absolute Roll Shift Camera View;Absolute Roll Shift Camera View;;Absolute Roll Shift Camera View
a2051cdnil;Absolute Vertical Shift Camera View;Absolute Vertical Shift Camera View;Absolute Vertical Shift Camera View;Absolute Vertical Shift Camera View;Absolute Vertical Shift Camera View;Absolute Vertical Shift Camera View;Absolute Vertical Shift Camera View;Absolute Vertical Shift Camera View;Absolute Vertical Shift Camera View;Absolute Vertical Shift Camera View;Absolute Vertical Shift Camera View;Absolute Vertical Shift Camera View;Absolute Vertical Shift Camera View;Absolute Vertical Shift Camera View;Cockpit camera move vertical;Cockpit camera move vertical;Absolute Vertical Shift Camera View;Absolute Vertical Shift Camera View;Absolute Vertical Shift Camera View;Absolute Vertical Shift Camera View;Absolute Vertical Shift Camera View;Absolute Vertical Shift Camera View;Absolute Vertical Shift Camera View;Absolute Vertical Shift Camera View;Absolute Vertical Shift Camera View;Absolute Vertical Shift Camera View;Absolute Vertical Shift Camera View;Absolute Vertical Shift Camera View;Absolute Vertical Shift Camera View;Absolute Vertical Shift Camera View;Absolute Vertical Shift Camera View;Absolute Vertical Shift Camera View;Absolute Vertical Shift Camera View;Absolute Vertical Shift Camera View;Absolute Vertical Shift Camera View;Absolute Vertical Shift Camera View;Absolute Vertical Shift Camera View;Absolute Vertical Shift Camera View;Absolute Vertical Shift Camera View;Absolute Vertical Shift Camera View;Absolute Vertical Shift Camera View;Absolute Vertical Shift Camera View;Absolute Vertical Shift Camera View;Cockpit camera move vertical;Absolute Vertical Shift Camera View;Absolute Vertical Shift Camera View;Absolute Vertical Shift Camera View;;Absolute Vertical Shift Camera View;Absolute Vertical Shift Camera View;Absolute Vertical Shift Camera View;Absolute Vertical Shift Camera View;Absolute Vertical Shift Camera View;Absolute Vertical Shift Camera View;Absolute Vertical Shift Camera View;Absolute Vertical Shift Camera View;Absolute Vertical Shift Camera View;Absolute Vertical Shift Camera View;Absolute Vertical Shift Camera View;Absolute Vertical Shift Camera View;;Absolute Vertical Shift Camera View
a2601cdnil;Head Tracker : Forward/Backward;Head Tracker : Forward/Backward;Head Tracker : Forward/Backward;Head Tracker : Forward/Backward;Head Tracker : Forward/Backward;Head Tracker : Forward/Backward;Head Tracker : Forward/Backward;Head Tracker : Forward/Backward;Head Tracker : Forward/Backward;Head Tracker : Forward/Backward;Head Tracker : Forward/Backward;Head Tracker : Forward/Backward;Head Tracker : Forward/Backward;Head Tracker : Forward/Backward;Head Tracker : Forward/Backward;Head Tracker : Forward/Backward;Head Tracker : Forward/Backward;Head Tracker : Forward/Backward;Head Tracker : Forward/Backward;Head Tracker : Forward/Backward;Head Tracker : Forward/Backward;Head Tracker : Forward/Backward;Head Tracker : Forward/Backward;Head Tracker : Forward/Backward;Head Tracker : Forward/Backward;Head Tracker : Forward/Backward;Head Tracker : Forward/Backward;Head Tracker : Forward/Backward;Head Tracker : Forward/Backward;Head Tracker : Forward/Backward;Head Tracker : Forward/Backward;Head Tracker : Forward/Backward;Head Tracker : Forward/Backward;Head Tracker : Forward/Backward;Head Tracker : Forward/Backward;Head Tracker : Forward/Backward;Head Tracker : Forward/Backward;Head Tracker : Forward/Backward;Head Tracker : Forward/Backward;Head Tracker : Forward/Backward;Head Tracker : Forward/Backward;Head Tracker : Forward/Backward;Head Tracker : Forward/Backward;Head Tracker : Forward/Backward;Head Tracker : Forward/Backward;Head Tracker : Forward/Backward;Head Tracker : Forward/Backward;;Head Tracker : Forward/Backward;Head Tracker : Forward/Backward;Head Tracker : Forward/Backward;Head Tracker : Forward/Backward;Head Tracker : Forward/Backward;Head Tracker : Forward/Backward;Head Tracker : Forward/Backward;Head Tracker : Forward/Backward;Head Tracker : Forward/Backward;Head Tracker : Forward/Backward;Head Tracker : Forward/Backward;Head Tracker : Forward/Backward;;Head Tracker : Forward/Backward
a2145cdnil;Head Tracker : Pitch;Head Tracker : Pitch;Head Tracker : Pitch;Head Tracker : Pitch;Head Tracker : Pitch;Head Tracker : Pitch;Head Tracker : Pitch;Head Tracker : Pitch;Head Tracker : Pitch;Head Tracker : Pitch;Head Tracker : Pitch;Head Tracker : Pitch;Head Tracker : Pitch;Head Tracker : Pitch;Head Tracker : Pitch;Head Tracker : Pitch;Head Tracker : Pitch;Head Tracker : Pitch;Head Tracker : Pitch;Head Tracker : Pitch;Head Tracker : Pitch;Head Tracker : Pitch;Head Tracker : Pitch;Head Tracker : Pitch;Head Tracker : Pitch;Head Tracker : Pitch;Head Tracker : Pitch;Head Tracker : Pitch;Head Tracker : Pitch;Head Tracker : Pitch;Head Tracker : Pitch;Head Tracker : Pitch;Head Tracker : Pitch;Head Tracker : Pitch;Head Tracker : Pitch;Head Tracker : Pitch;Head Tracker : Pitch;Head Tracker : Pitch;Head Tracker : Pitch;Head Tracker : Pitch;Head Tracker : Pitch;Head Tracker : Pitch;Head Tracker : Pitch;Head Tracker : Pitch;Head Tracker : Pitch;Head Tracker : Pitch;Head Tracker : Pitch;;Head Tracker : Pitch;Head Tracker : Pitch;Head Tracker : Pitch;Head Tracker : Pitch;Head Tracker : Pitch;Head Tracker : Pitch;Head Tracker : Pitch;Head Tracker : Pitch;Head Tracker : Pitch;Head Tracker : Pitch;Head Tracker : Pitch;Head Tracker : Pitch;;Head Tracker : Pitch
a2603cdnil;Head Tracker : Right/Left;Head Tracker : Right/Left;Head Tracker : Right/Left;Head Tracker : Right/Left;Head Tracker : Right/Left;Head Tracker : Right/Left;Head Tracker : Right/Left;Head Tracker : Right/Left;Head Tracker : Right/Left;Head Tracker : Right/Left;Head Tracker : Right/Left;Head Tracker : Right/Left;Head Tracker : Right/Left;Head Tracker : Right/Left;Head Tracker : Right/Left;Head Tracker : Right/Left;Head Tracker : Right/Left;Head Tracker : Right/Left;Head Tracker : Right/Left;Head Tracker : Right/Left;Head Tracker : Right/Left;Head Tracker : Right/Left;Head Tracker : Right/Left;Head Tracker : Right/Left;Head Tracker : Right/Left;Head Tracker : Right/Left;Head Tracker : Right/Left;Head Tracker : Right/Left;Head Tracker : Right/Left;Head Tracker : Right/Left;Head Tracker : Right/Left;Head Tracker : Right/Left;Head Tracker : Right/Left;Head Tracker : Right/Left;Head Tracker : Right/Left;Head Tracker : Right/Left;Head Tracker : Right/Left;Head Tracker : Right/Left;Head Tracker : Right/Left;Head Tracker : Right/Left;Head Tracker : Right/Left;Head Tracker : Right/Left;Head Tracker : Right/Left;Head Tracker : Right/Left;Head Tracker : Right/Left;Head Tracker : Right/Left;Head Tracker : Right/Left;;Head Tracker : Right/Left;Head Tracker : Right/Left;Head Tracker : Right/Left;Head Tracker : Right/Left;Head Tracker : Right/Left;Head Tracker : Right/Left;Head Tracker : Right/Left;Head Tracker : Right/Left;Head Tracker : Right/Left;Head Tracker : Right/Left;Head Tracker : Right/Left;Head Tracker : Right/Left;;Head Tracker : Right/Left
a2146cdnil;Head Tracker : Roll;Head Tracker : Roll;Head Tracker : Roll;Head Tracker : Roll;Head Tracker : Roll;Head Tracker : Roll;Head Tracker : Roll;Head Tracker : Roll;Head Tracker : Roll;Head Tracker : Roll;Head Tracker : Roll;Head Tracker : Roll;Head Tracker : Roll;Head Tracker : Roll;Head Tracker : Roll;Head Tracker : Roll;Head Tracker : Roll;Head Tracker : Roll;Head Tracker : Roll;Head Tracker : Roll;Head Tracker : Roll;Head Tracker : Roll;Head Tracker : Roll;Head Tracker : Roll;Head Tracker : Roll;Head Tracker : Roll;Head Tracker : Roll;Head Tracker : Roll;Head Tracker : Roll;Head Tracker : Roll;Head Tracker : Roll;Head Tracker : Roll;Head Tracker : Roll;Head Tracker : Roll;Head Tracker : Roll;Head Tracker : Roll;Head Tracker : Roll;Head Tracker : Roll;Head Tracker : Roll;Head Tracker : Roll;Head Tracker : Roll;Head Tracker : Roll;Head Tracker : Roll;Head Tracker : Roll;Head Tracker : Roll;Head Tracker : Roll;Head Tracker : Roll;;Head Tracker : Roll;Head Tracker : Roll;Head Tracker : Roll;Head Tracker : Roll;Head Tracker : Roll;Head Tracker : Roll;Head Tracker : Roll;Head Tracker : Roll;Head Tracker : Roll;Head Tracker : Roll;Head Tracker : Roll;Head Tracker : Roll;;Head Tracker : Roll
a2602cdnil;Head Tracker : Up/Down;Head Tracker : Up/Down;Head Tracker : Up/Down;Head Tracker : Up/Down;Head Tracker : Up/Down;Head Tracker : Up/Down;Head Tracker : Up/Down;Head Tracker : Up/Down;Head Tracker : Up/Down;Head Tracker : Up/Down;Head Tracker : Up/Down;Head Tracker : Up/Down;Head Tracker : Up/Down;Head Tracker : Up/Down;Head Tracker : Up/Down;Head Tracker : Up/Down;Head Tracker : Up/Down;Head Tracker : Up/Down;Head Tracker : Up/Down;Head Tracker : Up/Down;Head Tracker : Up/Down;Head Tracker : Up/Down;Head Tracker : Up/Down;Head Tracker : Up/Down;Head Tracker : Up/Down;Head Tracker : Up/Down;Head Tracker : Up/Down;Head Tracker : Up/Down;Head Tracker : Up/Down;Head Tracker : Up/Down;Head Tracker : Up/Down;Head Tracker : Up/Down;Head Tracker : Up/Down;Head Tracker : Up/Down;Head Tracker : Up/Down;Head Tracker : Up/Down;Head Tracker : Up/Down;Head Tracker : Up/Down;Head Tracker : Up/Down;Head Tracker : Up/Down;Head Tracker : Up/Down;Head Tracker : Up/Down;Head Tracker : Up/Down;Head Tracker : Up/Down;Head Tracker : Up/Down;Head Tracker : Up/Down;Head Tracker : Up/Down;;Head Tracker : Up/Down;Head Tracker : Up/Down;Head Tracker : Up/Down;Head Tracker : Up/Down;Head Tracker : Up/Down;Head Tracker : Up/Down;Head Tracker : Up/Down;Head Tracker : Up/Down;Head Tracker : Up/Down;Head Tracker : Up/Down;Head Tracker : Up/Down;Head Tracker : Up/Down;;Head Tracker : Up/Down
a2144cdnil;Head Tracker : Yaw;Head Tracker : Yaw;Head Tracker : Yaw;Head Tracker : Yaw;Head Tracker : Yaw;Head Tracker : Yaw;Head Tracker : Yaw;Head Tracker : Yaw;Head Tracker : Yaw;Head Tracker : Yaw;Head Tracker : Yaw;Head Tracker : Yaw;Head Tracker : Yaw;Head Tracker : Yaw;Head Tracker : Yaw;Head Tracker : Yaw;Head Tracker : Yaw;Head Tracker : Yaw;Head Tracker : Yaw;Head Tracker : Yaw;Head Tracker : Yaw;Head Tracker : Yaw;Head Tracker : Yaw;Head Tracker : Yaw;Head Tracker : Yaw;Head Tracker : Yaw;Head Tracker : Yaw;Head Tracker : Yaw;Head Tracker : Yaw;Head Tracker : Yaw;Head Tracker : Yaw;Head Tracker : Yaw;Head Tracker : Yaw;Head Tracker : Yaw;Head Tracker : Yaw;Head Tracker : Yaw;Head Tracker : Yaw;Head Tracker : Yaw;Head Tracker : Yaw;Head Tracker : Yaw;Head Tracker : Yaw;Head Tracker : Yaw;Head Tracker : Yaw;Head Tracker : Yaw;Head Tracker : Yaw;Head Tracker : Yaw;Head Tracker : Yaw;;Head Tracker : Yaw;Head Tracker : Yaw;Head Tracker : Yaw;Head Tracker : Yaw;Head Tracker : Yaw;Head Tracker : Yaw;Head Tracker : Yaw;Head Tracker : Yaw;Head Tracker : Yaw;Head Tracker : Yaw;Head Tracker : Yaw;Head Tracker : Yaw;;Head Tracker : Yaw
a2012cdnil;Zoom View;Zoom View;Zoom View;Zoom View;Zoom View;Zoom View;Zoom View;Zoom View;Zoom View;Zoom View;Zoom View;Zoom View;Zoom View;Zoom View;Zoom View;Zoom View;Zoom View;Zoom View;Zoom View;Zoom View;Zoom View;Zoom View;Zoom View;Zoom View;Zoom View;Zoom View;Zoom View;Zoom View;Zoom View;Zoom View;Zoom View;Zoom View;Zoom View;Zoom View;Zoom View;Zoom View;Zoom View;Zoom View;Zoom View;Zoom View;Zoom View;Zoom View;Zoom View;Zoom View;Zoom View;Zoom View;Zoom View;;Zoom View;Zoom View;Zoom View;Zoom View;Zoom View;Zoom View;Zoom View;Zoom View;Zoom View;Zoom View;Zoom View;Zoom View;;Zoom View
a2009cdnil;Camera Zoom View;Camera Zoom View;Camera Zoom View;Camera Zoom View;Camera Zoom View;Camera Zoom View;Camera Zoom View;Camera Zoom View;Camera Zoom View;Camera Zoom View;Camera Zoom View (mouse);Camera Zoom View (mouse);Zoom View (Mouse);Camera Zoom View;Zoom View (Mouse);Zoom View (Mouse);Camera Zoom View;Camera Zoom View;Camera Zoom View;Camera Zoom View;Camera Zoom View;Camera Zoom View;Camera Zoom View;Camera Zoom View;Camera Zoom View;Camera Zoom View;Camera Zoom View;Camera Zoom View;Camera Zoom View;;Camera Zoom View;Camera Zoom View;Camera Zoom View;Camera Zoom View;Camera Zoom View;Camera Zoom View;Camera Zoom View;Camera Zoom View;Camera Zoom View;Camera Zoom View;Camera Zoom View;Camera Zoom View;Camera Zoom View;Zoom View (Mouse);Camera Zoom View;Camera Zoom View;Camera Zoom View;;Camera Zoom View;Camera Zoom View;Camera Zoom View;Camera Zoom View;Camera Zoom View;Camera Zoom View;Camera Zoom View;Camera Zoom View;Camera Zoom View;Camera Zoom View;Camera Zoom View;Camera Zoom View;;Camera Zoom View
a2007cdnil;Camera Horizontal View;Camera Horizontal View;Camera Horizontal View;Camera Horizontal View;Camera Horizontal View;Camera Horizontal View;Camera Horizontal View;Camera Horizontal View;Camera Horizontal View;Camera Horizontal View;Camera Horizontal View (mouse);Camera Horizontal View (mouse);Horizontal View (Mouse);Camera Horizontal View;Horizontal View (Mouse);Horizontal View (Mouse);Camera Horizontal View;Camera Horizontal View;Camera Horizontal View;Camera Horizontal View;Camera Horizontal View;Camera Horizontal View;Camera Horizontal View;Camera Horizontal View;Camera Horizontal View;Camera Horizontal View;Camera Horizontal View;Camera Horizontal View;Camera Horizontal View;;Camera Horizontal View;Camera Horizontal View;Camera Horizontal View;Camera Horizontal View;Camera Horizontal View;Camera Horizontal View;Camera Horizontal View;Camera Horizontal View;Camera Horizontal View;Camera Horizontal View;;Camera Horizontal View;Camera Horizontal View;Horizontal View (Mouse);Camera Horizontal View;Camera Horizontal View;Camera Horizontal View;;Camera Horizontal View;Camera Horizontal View;Camera Horizontal View;Camera Horizontal View;Camera Horizontal View;Camera Horizontal View;Camera Horizontal View;Camera Horizontal View;Camera Horizontal View;Camera Horizontal View;Camera Horizontal View;;;Camera Horizontal View
a2008cdnil;Camera Vertical View;Camera Vertical View;Camera Vertical View;Camera Vertical View;Camera Vertical View;Camera Vertical View;Camera Vertical View;Camera Vertical View;Camera Vertical View;Camera Vertical View;Camera Vertical View (mouse);Camera Vertical View (mouse);Vertical View (Mouse);Camera Vertical View;Vertical View (Mouse);Vertical View (Mouse);Camera Vertical View;Camera Vertical View;Camera Vertical View;Camera Vertical View;Camera Vertical View;Camera Vertical View;Camera Vertical View;Camera Vertical View;Camera Vertical View;Camera Vertical View;Camera Vertical View;Camera Vertical View;Camera Vertical View;;Camera Vertical View;Camera Vertical View;Camera Vertical View;Camera Vertical View;Camera Vertical View;Camera Vertical View;Camera Vertical View;Camera Vertical View;Camera Vertical View;Camera Vertical View;;Camera Vertical View;Camera Vertical View;Vertical View (Mouse);Camera Vertical View;Camera Vertical View;Camera Vertical View;;Camera Vertical View;Camera Vertical View;Camera Vertical View;Camera Vertical View;Camera Vertical View;Camera Vertical View;Camera Vertical View;Camera Vertical View;Camera Vertical View;Camera Vertical View;Camera Vertical View;;;Camera Vertical View
a2001cdnil;Pitch;Pitch;Pitch;Pitch;Pitch;Pitch;Pitch;Pitch;Pitch;Pitch;Pitch;Pitch;Pitch;Pitch;Pitch;;Pitch;Pitch;Pitch;Pitch;Pitch;Pitch;Pitch;Pitch;Pitch;Pitch;Pitch;Pitch;Pitch;;Pitch;Pitch;Pitch;Flight Control Cyclic Pitch;Flight Control Cyclic Pitch;Pitch;Pitch;Pitch;Flight Control Cyclic Pitch;Flight Control Cyclic Pitch;;Pitch;Pitch;Pitch;Pitch;Pitch;Pitch;;Pitch;Pitch;;Pitch;Pitch;Pitch;Pitch;Pitch;Pitch;Flight Control Cyclic Pitch;;;;Pitch
a2002cdnil;Roll;Roll;Roll;Roll;Roll;Roll;Roll;Roll;Roll;Roll;Roll;Roll;Roll;Roll;Roll;;Roll;Roll;Roll;Roll;Roll;Roll;Roll;Roll;Roll;Roll;Roll;Roll;Roll;;Roll;Roll;Roll;Flight Control Cyclic Roll;Flight Control Cyclic Roll;Roll;Roll;Roll;Flight Control Cyclic Roll;Flight Control Cyclic Roll;;Roll;Roll;Roll;Roll;Roll;Roll;;Roll;Roll;;Roll;Roll;Roll;Roll;Roll;Roll;Flight Control Cyclic Roll;;;;Roll
a2003cdnil;Rudder;Rudder;Rudder;Rudder;Rudder;;Rudder;Rudder;Rudder;Rudder;Rudder;Rudder;Rudder;Rudder;Rudder;;Rudder;Rudder;Rudder;Rudder;Rudder;Rudder;Rudder;Rudder;Rudder;Rudder;Rudder;Rudder;Rudder;;Rudder;Rudder;Rudder;Flight Control Rudder;Flight Control Rudder;Rudder;Rudder;Rudder;Flight Control Rudder;Flight Control Rudder;;Rudder;Rudder;Rudder;Rudder;Rudder;Rudder;;Rudder;Rudder;;Rudder;Rudder;Rudder;Rudder;Rudder;Rudder;Flight Control Rudder;;;;Rudder
a2046cdnil;Camera Roll View;Camera Roll View;Camera Roll View;Camera Roll View;Camera Roll View;;;;Camera Roll View;Camera Roll View;;;Cockpit camera roll (Mouse);Camera Roll View;Cockpit camera roll (Mouse);Cockpit camera roll (Mouse);Camera Roll View;Camera Roll View;Camera Roll View;Camera Roll View;Camera Roll View;Camera Roll View;Camera Roll View;Camera Roll View;Camera Roll View;Camera Roll View;Camera Roll View;Camera Roll View;Camera Roll View;;Camera Roll View;Camera Roll View;Camera Roll View;Camera Roll View;Camera Roll View;Camera Roll View;Camera Roll View;;Camera Roll View;Camera Roll View;;Camera Roll View;Camera Roll View;Cockpit camera roll (Mouse);Camera Roll View;Camera Roll View;Camera Roll View;;Camera Roll View;Camera Roll View;;Camera Roll View;Camera Roll View;Camera Roll View;Camera Roll View;Camera Roll View;Camera Roll View;Camera Roll View;;;;Camera Roll View
a2031cdnil;TDC Slew Horizontal (mouse);TDC Slew Horizontal (mouse);TDC Slew Horizontal (mouse);TDC Slew Horizontal (mouse);TDC Slew Horizontal (mouse);TDC Slew Horizontal (mouse);;;TDC Slew Horizontal (mouse);TDC Slew Horizontal (mouse);;;;TDC Slew Horizontal (mouse);;;TDC Slew Horizontal (mouse);TDC Slew Horizontal (mouse);TDC Slew Horizontal (mouse);TDC Slew Horizontal (mouse);TDC Slew Horizontal (mouse);TDC Slew Horizontal (mouse);TDC Slew Horizontal (mouse);TDC Slew Horizontal (mouse);TDC Slew Horizontal (mouse);TDC Slew Horizontal (mouse);TDC Slew Horizontal (mouse);TDC Slew Horizontal (mouse);TDC Slew Horizontal (mouse);;TDC Slew Horizontal (mouse);TDC Slew Horizontal (mouse);TDC Slew Horizontal (mouse);TDC Slew Horizontal (mouse);TDC Slew Horizontal (mouse);TDC Slew Horizontal (mouse);TDC Slew Horizontal (mouse);;TDC Slew Horizontal (mouse);TDC Slew Horizontal (mouse);;TDC Slew Horizontal (mouse);TDC Slew Horizontal (mouse);;TDC Slew Horizontal (mouse);TDC Slew Horizontal (mouse);TDC Slew Horizontal (mouse);;TDC Slew Horizontal (mouse);TDC Slew Horizontal (mouse);;TDC Slew Horizontal (mouse);TDC Slew Horizontal (mouse);TDC Slew Horizontal (mouse);TDC Slew Horizontal (mouse);TDC Slew Horizontal (mouse);TDC Slew Horizontal (mouse);TDC Slew Horizontal (mouse);;;;TDC Slew Horizontal (mouse)
a2032cdnil;TDC Slew Vertical (mouse);TDC Slew Vertical (mouse);TDC Slew Vertical (mouse);TDC Slew Vertical (mouse);TDC Slew Vertical (mouse);TDC Slew Vertical (mouse);;;TDC Slew Vertical (mouse);TDC Slew Vertical (mouse);;;;TDC Slew Vertical (mouse);;;TDC Slew Vertical (mouse);TDC Slew Vertical (mouse);TDC Slew Vertical (mouse);TDC Slew Vertical (mouse);TDC Slew Vertical (mouse);TDC Slew Vertical (mouse);TDC Slew Vertical (mouse);TDC Slew Vertical (mouse);TDC Slew Vertical (mouse);TDC Slew Vertical (mouse);TDC Slew Vertical (mouse);TDC Slew Vertical (mouse);TDC Slew Vertical (mouse);;TDC Slew Vertical (mouse);TDC Slew Vertical (mouse);TDC Slew Vertical (mouse);TDC Slew Vertical (mouse);TDC Slew Vertical (mouse);TDC Slew Vertical (mouse);TDC Slew Vertical (mouse);;TDC Slew Vertical (mouse);TDC Slew Vertical (mouse);;TDC Slew Vertical (mouse);TDC Slew Vertical (mouse);;TDC Slew Vertical (mouse);TDC Slew Vertical (mouse);TDC Slew Vertical (mouse);;TDC Slew Vertical (mouse);TDC Slew Vertical (mouse);;TDC Slew Vertical (mouse);TDC Slew Vertical (mouse);TDC Slew Vertical (mouse);TDC Slew Vertical (mouse);TDC Slew Vertical (mouse);TDC Slew Vertical (mouse);TDC Slew Vertical (mouse);;;;TDC Slew Vertical (mouse)
a2004cdnil;Thrust;Throttle Both;Throttle Both;Throttle Common;Throttle Common;;Thrust;Thrust;;;Thrust;Thrust;Thrust;Thrust;Throttle Both;;Thrust;Thrust;Thrust;Thrust;Thrust;Thrust;Thrust;Thrust;Thrust;;;;;;Thrust;Thrust;Thrust;Throttle;;Thrust;Thrust;Thrust;Corrector;;;Thrust;Thrust;Thrust;Thrust;Thrust;Thrust;;;;;;Thrust;Thrust;Thrust;Thrust;;;;;;
a2101cdnil;Wheel Brake;Wheel Brake;Wheel Brake;Wheel Brake;Wheel Brake;;Wheel Brake;Wheel Brakes;;;Wheel Brakes;Wheel Brakes;Wheel brake axis;;Wheel Brake both;;Wheel Brake;Wheel Brake;;Wheel Brake;Wheel Brake;Wheel Brake;Wheel Brake;Wheel Brake;;Wheel Brake;Wheel Brake;Wheel Brake;Wheel Brake;;Wheel Brake;Wheel Brake;Wheel Brake;Wheel Brake;;Wheel Brake;Wheel Brake;Wheel Brakes;Wheel brake;;;Wheel Brake;Wheel Brake Lever;;Wheel Brake;Wheel Brake;Wheel Brake;;;Wheel Brake;;;;;Wheel Brake;Wheel Brake;Wheel Brake;;;;;
a2112cdnil;Wheel Brake Left;Wheel Brake Left;Wheel Brake Left;Wheel Brake Left;Wheel Brake Left;;Wheel Brake Left;Wheel Brake Left;;;Wheel Brake Left;Wheel Brake Left;Wheel brake left;;Wheel Brake Left;;Wheel Brake Left;Wheel Brake Left;;Wheel Brake Left;;Wheel Brake Left;Wheel Brake Left;Wheel Brake Left;;Wheel Brake Left;Wheel Brake Left;Wheel Brake Left;Wheel Brake Left;;Wheel Brake Left;Wheel Brake Left;Wheel Brake Left;;;;;Wheel Brake Left;;;;;;;;;;;;Wheel Brake Left;;;;;Wheel Brake Left;Wheel Brake Left;Wheel Brake Left;;;;;
a2113cdnil;Wheel Brake Right;Wheel Brake Right;Wheel Brake Right;Wheel Brake Right;Wheel Brake Right;;Wheel Brake Right;Wheel Brake Right;;;Wheel Brake Right;Wheel Brake Right;Wheel brake right;;Wheel Brake Right;;Wheel Brake Right;Wheel Brake Right;;Wheel Brake Right;;Wheel Brake Right;Wheel Brake Right;Wheel Brake Right;;Wheel Brake Right;Wheel Brake Right;Wheel Brake Right;Wheel Brake Right;;Wheel Brake Right;Wheel Brake Right;Wheel Brake Right;;;;;Wheel Brake Right;;;;;;;;;;;;Wheel Brake Right;;;;;Wheel Brake Right;Wheel Brake Right;Wheel Brake Right;;;;;
a2034cdnil;TDC Slew Vertical;HOTAS Slew Vertical;HOTAS Slew Vertical;HOTAS Slew Vertical;HOTAS Slew Vertical;;;TDC Slew Vertical;;;;;;;;;TDC Slew Vertical;;;;;Manual Range;Manual Range;;;;;;;Turret Elevation;;TDC Slew Vertical;TDC Slew Vertical;Absolute SHKVAL Vertical Slew;;;;TDC Slew Vertical;;;;;;;TDC Slew Vertical;TDC Slew Vertical;TDC Slew Vertical;;;;Slew Up/Down;;TDC Slew Vertical;I-251 Slew Vertical;TDC Slew Vertical;TDC Slew Vertical;;;;;;
a2033cdnil;TDC Slew Horizontal;HOTAS Slew Horizontal;HOTAS Slew Horizontal;HOTAS Slew Horizontal;HOTAS Slew Horizontal;;;TDC Slew Horizontal;;;;;;;;;TDC Slew Horizontal;;;;;;;;;;;;;Rotate Turret;;TDC Slew Horizontal;TDC Slew Horizontal;Absolute SHKVAL Horizontal Slew;;;;TDC Slew Horizontal;;;;;;;TDC Slew Horizontal;TDC Slew Horizontal;TDC Slew Horizontal;;;;Slew Left/Right;;TDC Slew Horizontal;I-251 Slew Horizontal;TDC Slew Horizontal;TDC Slew Horizontal;;;;;;
a2006cdnil;Thrust Right;Throttle Right;Throttle Right;Throttle Right;Throttle Right;;;Nozzle STO Stop;;;;;;;Throttle Right;;Thrust Right;;;Thrust Right;;;;Thrust Right;;;;;;;;Thrust Right;;Right Throttle;;;;;;;;;Thrust Right;;Thrust Right;Thrust Right;Thrust Right;;;;;;Thrust Right;Thrust Right;Thrust Right;Thrust Right;;;;;;
a2005cdnil;Thrust Left;Throttle Left;Throttle Left;Throttle Left;Throttle Left;;;;;;;;;;Throttle Left;;Thrust Left;;;Thrust Left;;;;Thrust Left;;;;;;;;Thrust Left;;Left Throttle;;;;;;;;;Thrust Left;;Thrust Left;Thrust Left;Thrust Left;;;;;;Thrust Left;Thrust Left;Thrust Left;Thrust Left;;;;;;
a2041cdnil;;;;;;;;;;;;;;;;;Base/Distance;;;;;Wing Span;Wing Span;;;;;;;;;Target Base;;;;;;;;;;;;;Target Base;Target Base;Target Base;;;;;;Target Box Size / Funnel target wing span / Gunpod Elevation;Target Box Size / Funnel target wing span / Gunpod Elevation;Target Base;Target Base;;;;;;
a2028cdnil;;;;;;;;;;;;;;;;;Radar Vertical;;;AN/APQ-159 Radar Elevation Antenna Tilt Control;;;;;;;;;;;;Radar Vertical;T6_Axis: Antenna Elevation;;;;;Radar Antenna Elevation;;;;;;;Radar Vertical;Radar Vertical;Radar Vertical;;;;;;;;Radar Vertical;Radar Vertical;;;;;;
a2030cdnil;;;;;;;;;;;;;;;;;MFD Range;;;;;;;;;;;;;;;MFD Range;;;;;;;;;;;;;MFD Range;MFD Range;MFD Range;;;;;;;I-251 Zoom;MFD Range;MFD Range;;;;;;
a2087cdnil;;;;;;;;Nozzle Angle;;;;;;;;;;;;;;;;;;;;;;;;;;Flight Control Collective;Flight Control Collective;;;;Flight Control Collective;Flight Control Collective;;;;;;;;;;;Flight Control Collective;;;;;;;Flight Control Collective;;;;
a2027cdnil;;;;;;;;;;;;;;;;;Radar Horizontal;;;;;;;;;;;;;;;Radar Range;;;;;;;;;;;;;Radar Range;Radar Range;Radar Range;;;;;;;;Radar Range;Radar Range;;;;;;
a3017cd12;;;;;;;;;;;;;;;;;;PRIMARY DATA ENTRY DISPLAY BRT Knob;;Flight Instruments Lights Knob;;;;;;;;;;;;;;;;;;;;;;Emergency System Filling Valve;;;;;;;;Flaps;;;;;;;Flaps;;;;;
a3003cd2;;;;;;;;;;;;;;;;;;;;;;;;;;Throttle;Throttle;Throttle;Throttle;;;;;;;;;;;;;;;;;;;;Trim Aileron (analog);;;;;;;;;;;;;
a2052cdnil;;;;;;;;;;;;;Cockpit camera move forward/backward (Mouse);;Cockpit camera move forward/backward (Mouse);Cockpit camera move forward/backward (Mouse);;;;;;;;;;;;;;;;;;;;;;;;;;;;Cockpit camera move forward/backward (Mouse);;;;;;;;;;;;;;;;;;
a2048cdnil;;;;;;;;;;;;;Cockpit camera move lateral (Mouse);;Cockpit camera move lateral (Mouse);Cockpit camera move lateral (Mouse);;;;;;;;;;;;;;;;;;;;;;;;;;;;Cockpit camera move lateral (Mouse);;;;;;;;;;;;;;;;;;
a2050cdnil;;;;;;;;;;;;;Cockpit camera move vertical (Mouse);;Cockpit camera move vertical (Mouse);Cockpit camera move vertical (Mouse);;;;;;;;;;;;;;;;;;;;;;;;;;;;Cockpit camera move vertical (Mouse);;;;;;;;;;;;;;;;;;
a2013cdnil;;;;;;;;;;;;;Pitch (Mouse);;Pitch (Mouse);;;;;;;;;;;;;;;;;;;;;;;;;;;;;Pitch (Mouse);;;;;;;Flight Control Cyclic Pitch;;;;;;;;;;;
a2014cdnil;;;;;;;;;;;;;Roll (Mouse);;Roll (Mouse);;;;;;;;;;;;;;;;;;;;;;;;;;;;;Roll (Mouse);;;;;;;Flight Control Cyclic Roll;;;;;;;;;;;
a2015cdnil;;;;;;;;;;;;;Rudder (Mouse);;Rudder (Mouse);;;;;;;;;;;;;;;;;;;;;;;;;;;;;Rudder (Mouse);;;;;;;Flight Control Rudder;;;;;;;;;;;
a3004cd3;;;;;;;;;;;;;;;;;;;;;;;;;;Canopy Crank;Canopy Crank;Canopy Crank;Canopy Crank;;;;;;;;;;;;;;;;;;;;;;;;;;;;;;;;;
a3046cd1;;;;;;;;;Gun Sight Brightness (analog);Gun Sight Brightness (analog);;;;;;;;;;;;;;;;;;;;;;;;;;;;;;;;;;;;;;;;;;Trim Rudder (analog);;;;;;;;;;
a2016cdnil;;;;;;;;;;;;;Thrust (Mouse);;Throttle (Mouse);;;;;;;;;;;;;;;;;;;;;;;;;;;;;Thrust (Mouse);;;;;;;;;;;;;;;;;;
a3018cd1;;;;;;;;;;;;;Trim;;;;;;;;;;;;;;;;;;;;;;;ASP-3NMU Glass Raise/Lower;ASP-3 Glass Raise/Lower;;;;;;;;;;;;;;;;;;;;;;;;;
a3019cd12;;;;;;;;;;;;;;;;;;FLOOD CONSOLES BRT Knob;;Engine Instruments Lights Knob;;;;;;;;;;;;;;;;;;;;;;Cockpit Filling Valve;;;;;;;;;;;;;;;;;;;;
a3015cd12;;;;;;;;;;;;;;;;;;PRIMARY INST PNL BRT Knob;;Flood Lights Knob;;;;;;;;;;;;;;;;;;;;;;Emergency Flaps Valve;;;;;;;;;;;;;;;;;;;;
a3022cd17;;;;;;;;;;;;;;;;;;;;AN/APQ-159 Radar Video Knob;;;;;;;;;;;;;;;;GMK-1AE GMC Latitude Selector Knob;GMK-1AE GMC Latitude Selector Knob;;;;;;;;;;;;;;;;;;;;;;;;;
a3006cd11;;;;;;;;;;;;;;;;;;;;Exterior Lights Nav Knob;;;;;;;;;;;;;;;;;;;;;;Engine Stop Lever;;;;;;;;;Rotor Brake lever;;;;;;;;;;;
a3003cd21;;;;;;;;;;;;;;;;;;;;;;A-4 Sight Radar Range Sweep Rheostat;;;;Gun Sight Brightness (analog);Gun Sight Brightness (analog);;;;;;;;;;;;;;;;;;;;;;;;;;;;;;;;;;;
a3006cd8;;;;;;;;;;;;;;;;;;;;;;;;POSITION Lights Dimmer Control;;;;;;;;;;;;;;;;;;Ventilation Valve;;;;;;;Compass Light (analog);;;;;;;;;;;;;
a3030cd7;;;;;;;;;;;;;;;;;;;;;;;;;;;;;;;;;;;;Cabin Air Temperature Controller Rheostat;Cabin Air Temperature Controller Rheostat;;;;;;;;;;;;;;;;;;;;;Secondary Instrument Light Knob;;;;
a3029cd7;;;;;;;;;;;;;;;;;;;;;;;;;;;;;;;;;;;;ECS and Pressurization Handle;ECS and Pressurization Handle;;;;;;;;;;;;;;;;;;;;;Pedestal Light Knob;;;;
a3018cd30;;;;;;;;;;;;;;;;;;;;;;;;;;;;;;;;;;;;Oxygen Bottles Interconnect Valve;Oxygen Bottles Interconnect Valve;;;;;RSI-6K Audio Volume Knob;;;;;;;;;;;;;;;;;;;;
a3031cd7;;;;;;;;;;;;;;;;;;;;;;;;;;;;;;;;;;;;Suit Ventilation Air Louver Rheostat;Suit Ventilation Air Louver Rheostat;;;;;;;;;;;;;;;;;;;;;Engine Instrument Light Knob;;;;
a3017cd5;;;;;;;;;;;;;;;;;;;;;;;;;;;;;;;;;;;;;;;;;;;;;;;;;;Propeller & Mixture Lock;;;;;;;Propeller & Mixture Lock;;;;;ARK-15M ADF Audio Volume Knob, analog
a3020cd49;;Flashlight BRT Control;Flashlight BRT Control;;;;;;;;;;;;;;;;;;;;;;;;;;;;;;;;;;;;;;;;;;;;;;;;;;;;;;;;;;;
a3001cd8;;;;;;;;;Altimeter Set Pressure (analog);Altimeter Set Pressure (analog);;;;;;;;;;;;;;;;;;;;;;;;;;;;;;;;;;;;;;;;;;;;;;;;;;;;
a3003cd19;;;;;;;;;Clock Turn Scale (analog);Clock Turn Scale (analog);;;;;;;;;;;;;;;;;;;;;;;;;;;;;;;;;;;;;;;;;;;;;;;;;;;;
a3060cd1;;;;;;;;;Engine RPM Setting;Engine RPM Setting;;;;;;;;;;;;;;;;;;;;;;;;;;;;;;;;;;;;;;;;;;;;;;;;;;;;
a3094cd4;;;;;;;;;Flaps (analog);Flaps (analog);;;;;;;;;;;;;;;;;;;;;;;;;;;;;;;;;;;;;;;;;;;;;;;;;;;;
a3008cd14;;;;;;;;;FuG16ZY Fine Tune (analog);FuG16ZY Fine Tune (analog);;;;;;;;;;;;;;;;;;;;;;;;;;;;;;;;;;;;;;;;;;;;;;;;;;;;
a3003cd14;;;;;;;;;FuG16ZY Volume (analog);FuG16ZY Volume (analog);;;;;;;;;;;;;;;;;;;;;;;;;;;;;;;;;;;;;;;;;;;;;;;;;;;;
a3001cd9;;;;;;;;;Horizon Cage (analog);Horizon Cage (analog);;;;;;;;;;;;;;;;;;;;;;;;;;;;;;;;;;;;;;;;;;;;;;;;;;;;
a3040cd1;;;;;;;;;LH Dashboard Lamp Brightness (analog);LH Dashboard Lamp Brightness (analog);;;;;;;;;;;;;;;;;;;;;;;;;;;;;;;;;;;;;;;;;;;;;;;;;;;;
a3001cd10;;;;;;;;;Repeater Compass Course (analog);Repeater Compass Course (analog);;;;;;;;;;;;;;;;;;;;;;;;;;;;;;;;;;;;;;;;;;;;;;;;;;;;
a3043cd1;;;;;;;;;RH Dashboard Lamp Brightness (analog);RH Dashboard Lamp Brightness (analog);;;;;;;;;;;;;;;;;;;;;;;;;;;;;;;;;;;;;;;;;;;;;;;;;;;;
a3003cd3;;;;;;;;;SZKK 3 LH Ammo Counter (analog);SZKK 3 LH Ammo Counter (analog);;;;;;;;;;;;;;;;;;;;;;;;;;;;;;;;;;;;;;;;;;;;;;;;;;;;
a3006cd3;;;;;;;;;SZKK 3 RH Ammo Counter (analog);SZKK 3 RH Ammo Counter (analog);;;;;;;;;;;;;;;;;;;;;;;;;;;;;;;;;;;;;;;;;;;;;;;;;;;;
a3005cd5;;;;;;;;;Throttle;Throttle;;;;;;;;;;;;;;;;;;;;;;;;;;;;;;;;;;;;;;;;;;;;;;;;;;;;
a3093cd4;;;;;;;;;Trim Stabilizer (analog);Trim Stabilizer (analog);;;;;;;;;;;;;;;;;;;;;;;;;;;;;;;;;;;;;;;;;;;;;;;;;;;;
a3017cd4;;;;;;;;;Wheel Brake Left (analog);Wheel Brake Left (analog);;;;;;;;;;;;;;;;;;;;;;;;;;;;;;;;;;;;;;;;;;;;;;;;;;;;
a3020cd4;;;;;;;;;Wheel Brake Right (analog);Wheel Brake Right (analog);;;;;;;;;;;;;;;;;;;;;;;;;;;;;;;;;;;;;;;;;;;;;;;;;;;;
a3014cd4;;;;;;;;;Wheel Brakes Both (analog);Wheel Brakes Both (analog);;;;;;;;;;;;;;;;;;;;;;;;;;;;;;;;;;;;;;;;;;;;;;;;;;;;
a3021cd12;;;;;;;;;;;;;;;;;;FLOOD INST PNL BRT Knob;;Console Lights Knob;;;;;;;;;;;;;;;;;;;;;;;;;;;;;;;;;;;;;;;;;;
a3026cd2;;;;;;;;;;;;;;;;;;PITCH TRIM Wheel;;;;;;;;;;;;;;;;;;;;;;;;;;;;;;;Wheel brake Left (analog);;;;;;;;;;;;;
a3023cd12;;;;;;;;;;;;;;;;;;Utility Light (Flashlight) BRT Knob;;Armament Panel Lights Knob;;;;;;;;;;;;;;;;;;;;;;;;;;;;;;;;;;;;;;;;;;
a3018cd9;;;;;;;;;;;;;;;;;;;;Cabin Temperature Knob;;;;CHART Light Dimmer Control;;;;;;;;;;;;;;;;;;;;;;;;;;;;;;;;;;;;;;
a3008cd22;;;;;;;;;;;;;;;;;;;;;;A-4 Sight Reticle Dimmer Control;;;;;;;;;;;;;;;;;;;;Right UV Light Rheostat;;;;;;;;;;;;;;;;;;;;
a3008cd26;;;;;;;;;;;;;;;;;;;;;;AN/ARC-27 UHF Audio Volume Knob;;;;;;;;;;;;;;;;;;;;ASP-3N Gunsight Brightness Knob;;;;;;;;;;;;;;;;;;;;
a3003cd13;;;;;;;;;;;;;;;;;;;;;;;;;;Clock Turn Scale (analog);Clock Turn Scale (analog);;;;;;;;;;;;;;;;;;;;;;;;;;;;;;;;;;;
a3017cd21;;;;;;;;;;;;;;;;;;;;;;;;;;;;EZ42 Gunsight Altitude Correction;EZ42 Gunsight Altitude Correction;;;;;;;;;;;;;;;;;;;;;;;;;;;;;;;;;
a3007cd21;;;;;;;;;;;;;;;;;;;;;;;;;;;;EZ42 Gunsight Target Distance Control;EZ42 Gunsight Target Distance Control;;;;;;;;;;;;;;;;;;;;;;;;;;;;;;;;;
a3008cd21;;;;;;;;;;;;;;;;;;;;;;;;;;;;EZ42 Gunsight Target Wingspan Knob;EZ42 Gunsight Target Wingspan Knob;;;;;;;;;;;;;;;;;;;;;;;;;;;;;;;;;
a3012cd44;;;;;;;;;;;;;;;;;;;;;;;;;;;;;;;;;;;;Artificial Horizon Zero Pitch Trim Knob;Artificial Horizon Zero Pitch Trim Knob;;;;;;;;;;;;;;;;;;;;;;;;;
a3008cd1;;;;;;;;;;;;;;;;;;;;;;;;;;;;;;;;;;;;ASP-3NMU Gunsight Brightness Knob;ASP-3NMU Gunsight Brightness Knob;;;;;;;;;;;;;;;;;;;;;;;;;
a3006cd1;;;;;;;;;;;;;;;;;;;;;;;;;;;;;;;;;;;;ASP-3NMU Gunsight Target Distance;ASP-3NMU Gunsight Target Distance;;;;;;;;;;;;;;;;;;;;;;;;;
a3007cd1;;;;;;;;;;;;;;;;;;;;;;;;;;;;;;;;;;;;ASP-3NMU Gunsight Target Wingspan Adjustment Dial;ASP-3NMU Gunsight Target Wingspan Adjustment Dial;;;;;;;;;;;;;;;;;;;;;;;;;
a3036cd20;;;;;;;;;;;;;;;;;;;;;;;;;;;;;;;;;;;;Cockpit Lights Brightness Rheostat;Cockpit Lights Brightness Rheostat;;;;;;;;;;;;;;;;;;;;;;;;;
a3019cd37;;;;;;;;;;;;;;;;;;;;;;;;;;;;;;;;;;;;Front Cockpit Emergency Wheel Brake Lever;Front Cockpit Emergency Wheel Brake Lever;;;;;;;;;;;;;;;;;;;;;;;;;
a3027cd34;;;;;;;;;;;;;;;;;;;;;;;;;;;;;;;;;;;;Intercom Volume Knob;Intercom Volume Knob;;;;;;;;;;;;;;;;;;;;;;;;;
a3078cd3;;;;;;;;;;;;;;;;;;;;;;;;;;;;;;;;;;;;Missile Seeker Tone Volume Knob;Missile Seeker Tone Volume Knob;;;;;;;;;;;;;;;;;;;;;;;;;
a3017cd30;;;;;;;;;;;;;;;;;;;;;;;;;;;;;;;;;;;;Oxygen Supply Valve;Oxygen Supply Valve;;;;;;;;;;;;;;;;;;;;;;;;;
a3028cd34;;;;;;;;;;;;;;;;;;;;;;;;;;;;;;;;;;;;Radio Volume Knob;Radio Volume Knob;;;;;;;;;;;;;;;;;;;;;;;;;
a3040cd21;;;;;;;;;;;;;;;;;;;;;;;;;;;;;;;;;;;;RKL-41 ADF Brightness Knob;RKL-41 ADF Brightness Knob;;;;;;;;;;;;;;;;;;;;;;;;;
a3042cd21;;;;;;;;;;;;;;;;;;;;;;;;;;;;;;;;;;;;RKL-41 ADF Inner Beacon Frequency Tune Knob;RKL-41 ADF Inner Beacon Frequency Tune Knob;;;;;;;;;;;;;;;;;;;;;;;;;
a3041cd21;;;;;;;;;;;;;;;;;;;;;;;;;;;;;;;;;;;;RKL-41 ADF Outer Beacon Frequency Tune Knob;RKL-41 ADF Outer Beacon Frequency Tune Knob;;;;;;;;;;;;;;;;;;;;;;;;;
a3039cd21;;;;;;;;;;;;;;;;;;;;;;;;;;;;;;;;;;;;RKL-41 ADF Volume Knob;RKL-41 ADF Volume Knob;;;;;;;;;;;;;;;;;;;;;;;;;
a3028cd31;;;;;;;;;;;;;;;;;;;;;;;;;;;;;;;;;;;;RSBN Control Box Lighting Intensity Knob;RSBN Control Box Lighting Intensity Knob;;;;;;;;;;;;;;;;;;;;;;;;;
a3030cd31;;;;;;;;;;;;;;;;;;;;;;;;;;;;;;;;;;;;RSBN QNH Pressure Knob;RSBN QNH Pressure Knob;;;;;;;;;;;;;;;;;;;;;;;;;
a3029cd31;;;;;;;;;;;;;;;;;;;;;;;;;;;;;;;;;;;;RSBN Volume Rheostat;RSBN Volume Rheostat;;;;;;;;;;;;;;;;;;;;;;;;;
a3020cd37;;;;;;;;;;;;;;;;;;;;;;;;;;;;;;;;;;;;Second Cockpit Emergency Wheel Brake Lever;Second Cockpit Emergency Wheel Brake Lever;;;;;;;;;;;;;;;;;;;;;;;;;
a3037cd20;;;;;;;;;;;;;;;;;;;;;;;;;;;;;;;;;;;;Warning Lights Brightness Rheostat;Warning Lights Brightness Rheostat;;;;;;;;;;;;;;;;;;;;;;;;;
a3056cd3;;;;;;;;;;;;;;;;;;;;;;;;;;;;;;;;;;;;;;;;;;;;;;;;;Carburetor Air Heat (analog);;;;;;;;;;;;;Oil Radiator Flap Lever, analog
a3027cd2;;;;;;;;;;;;;;;;;;;;;;;;;;;;;;;;;;;;;;;;;;;;;;;;;Wheel brake Right (analog);;;;;;;;;;;;;Wheel Brakes, analog
a3007cd6;;;;;;;;;;;;;;;;;;;;;;;;;;;;;;;;;;;;;;;;;;;;;;;;;;Canopy Crank;;;;;;;Canopy Crank;;;;;
a3004cd13;;;;;;;;;;;;;;;;;;;;;;;;;;;;;;;;;;;;;;;;;;;;;;;;;;Cockpit Lights;;;;;;;Cockpit Lights;;;;;
a3018cd5;;;;;;;;;;;;;;;;;;;;;;;;;;;;;;;;;;;;;;;;;;;;;;;;;;Cold Air Control;;;;;;;Cold Air Control;;;;;
a3026cd5;;;;;;;;;;;;;;;;;;;;;;;;;;;;;;;;;;;;;;;;;;;;;;;;;;Engine RPM Setting;;;;;;;Engine RPM Setting;;;;;
a3006cd10;;;;;;;;;;;;;;;;;;;;;;;;;;;;;;;;;;;;;;;;;;;;;;;;;;Left Fluorescent Light;;;;;;;Left Fluorescent Light;;;;;
a3011cd14;;;;;;;;;;;;;;;;;;;;;;;;;;;;;;;;;;;;;;;;;;;;;;;;;;Right Fluorescent Light;;;;;;;Right Fluorescent Light;;;;;
a3006cd25;;;;;;;;;;;;;;;;;;;;;;;;;;;;;;;;;;;;;;;;;;;;;;;;;;Tail Warning Radar Light Brightness;;;;;;;Tail Warning Radar Light Brightness;;;;;
a3025cd5;;;;;;;;;;;;;;;;;;;;;;;;;;;;;;;;;;;;;;;;;;;;;;;;;;Throttle;;;;;;;Throttle;;;;;
a3016cd5;;;;;;;;;;;;;;;;;;;;;;;;;;;;;;;;;;;;;;;;;;;;;;;;;;Throttle Control Lock;;;;;;;Throttle Control Lock;;;;;
a2023cdnil;;;;;;;;;;;;;;;;;;;;;;;;;;;;;;;;;;;;;;;;;;;;;;;;;;Trim Aileron;;;;;;;Trim Aileron;;;;;
a2022cdnil;;;;;;;;;;;;;;;;;;;;;;;;;;;;;;;;;;;;;;;;;;;;;;;;;;Trim Elevator;;;;;;;Trim Elevator;;;;;
a2024cdnil;;;;;;;;;;;;;;;;;;;;;;;;;;;;;;;;;;;;;;;;;;;;;;;;;;Trim Rudder;;;;;;;Trim Rudder;;;;;
a3019cd24;;;;;;;;;;;;;;;;;;;;;;;;;;;;;;;;;;;;;;;;;;;;;;;;;;VHF Radio Volume;;;;;;;VHF Radio Volume;;;;;
a3029cd5;;;;;;;;;;;;;;;;;;;;;;;;;;;;;;;;;;;;;;;;;;;;;;;;;;Warm Air Control;;;;;;;Warm Air Control;;;;;
a3026cd3;;;;;;;;;;;;;;;;;;;;;;;;;;;;;;;;;;;;;;;;;;;;;;;;;;;;;;;;;;Throttle;;;;Engine RPM / Propeller Pitch Control Lever, analog
a3042cd9;;;;;;;;;;;;;;;;;;;;;;;;;;;;;;;;;;;;;;;;;;;;;;;;;;;;;;;;;;;Gun Left/Right;Gun Left/Right;;
a3041cd9;;;;;;;;;;;;;;;;;;;;;;;;;;;;;;;;;;;;;;;;;;;;;;;;;;;;;;;;;;;Gun Up/Down;Gun Up/Down;;
a3126cd2;;;;;;AWRS: Drop Interval;;;;;;;;;;;;;;;;;;;;;;;;;;;;;;;;;;;;;;;;;;;;;;;;;;;;;;;;
a3129cd21;;;;;;Lighting: Console;;;;;;;;;;;;;;;;;;;;;;;;;;;;;;;;;;;;;;;;;;;;;;;;;;;;;;;;
a3128cd21;;;;;;Lighting: Instrument;;;;;;;;;;;;;;;;;;;;;;;;;;;;;;;;;;;;;;;;;;;;;;;;;;;;;;;;
a3127cd21;;;;;;Lighting: White Flood;;;;;;;;;;;;;;;;;;;;;;;;;;;;;;;;;;;;;;;;;;;;;;;;;;;;;;;;
a3119cd33;;;;;;MSL volume (outer knob);;;;;;;;;;;;;;;;;;;;;;;;;;;;;;;;;;;;;;;;;;;;;;;;;;;;;;;;
a3118cd33;;;;;;PRF volume (inner knob);;;;;;;;;;;;;;;;;;;;;;;;;;;;;;;;;;;;;;;;;;;;;;;;;;;;;;;;
a3067cd7;;;;;;Radar Angle Absolute;;;;;;;;;;;;;;;;;;;;;;;;;;;;;;;;;;;;;;;;;;;;;;;;;;;;;;;;
a3066cd7;;;;;;Radar Angle Slew;;;;;;;;;;;;;;;;;;;;;;;;;;;;;;;;;;;;;;;;;;;;;;;;;;;;;;;;
a3123cd35;;;;;;Rudder Axis;;;;;;;;;;;;;;;;;;;;;;;;;;;;;;;;;;;;;;;;;;;;;;;;;;;;;;;;
a3124cd10;;;;;;single brake Axis;;;;;;;;;;;;;;;;;;;;;;;;;;;;;;;;;;;;;;;;;;;;;;;;;;;;;;;;
a3112cd32;;;;;;Throttle Axis;;;;;;;;;;;;;;;;;;;;;;;;;;;;;;;;;;;;;;;;;;;;;;;;;;;;;;;;
a3800cd28;;;;;;;Countermeasure Dispense - Absolute;;;;;;;;;;;;;;;;;;;;;;;;;;;;;;;;;;;;;;;;;;;;;;;;;;;;;;;
a3910cd22;;;;;;;Master Mode select;;;;;;;;;;;;;;;;;;;;;;;;;;;;;;;;;;;;;;;;;;;;;;;;;;;;;;;
a3800cd2;;;;;;;Missile Select Button (IR-RB FRAMSTEGN) - Absolute;;;;;;;;;;;;;;;;;;;;;;;;;;;;;;;;;;;;;;;;;;;;;;;;;;;;;;;
a3641cd5;;;;;;;Radar elevation;;;;;;;;;;;;;;;;;;;;;;;;;;;;;;;;;;;;;;;;;;;;;;;;;;;;;;;
a3327cd5;;;;;;;Radar MKR Gain;;;;;;;;;;;;;;;;;;;;;;;;;;;;;;;;;;;;;;;;;;;;;;;;;;;;;;;
a3800cd5;;;;;;;Radar Night Filter - Absolute;;;;;;;;;;;;;;;;;;;;;;;;;;;;;;;;;;;;;;;;;;;;;;;;;;;;;;;
a3321cd5;;;;;;;Radar stick horizontal;;;;;;;;;;;;;;;;;;;;;;;;;;;;;;;;;;;;;;;;;;;;;;;;;;;;;;;
a3322cd5;;;;;;;Radar stick vertical;;;;;;;;;;;;;;;;;;;;;;;;;;;;;;;;;;;;;;;;;;;;;;;;;;;;;;;
a3322cd2;;;;;;;RB-05 stick pitch;;;;;;;;;;;;;;;;;;;;;;;;;;;;;;;;;;;;;;;;;;;;;;;;;;;;;;;
a3321cd2;;;;;;;RB-05 stick yaw;;;;;;;;;;;;;;;;;;;;;;;;;;;;;;;;;;;;;;;;;;;;;;;;;;;;;;;
a3038cd6;;;;;;;;;;;;;Fuel pump;;;;;;;;;;;;;;;;;;;;;;;;;;;;;;;;;;;;;;;;;;;;;;;;;
a3042cd6;;;;;;;;;;;;;Mixture;;;;;;;;;;;;;;;;;;;;;;;;;;;;;;;;;;;;;;;;;;;;;;;;;
a3041cd6;;;;;;;;;;;;;Propeller;;;;;;;;;;;;;;;;;;;;;;;;;;;;;;;;;;;;;;;;;;;;;;;;;
a3083cd57;;;;;;;;;;;;;;;DLC / Maneuver Flaps Retract;;;;;;;;;;;;;;;;;;;;;;;;;;;;;;;;;;;;;;;;;;;;;;;
a3729cd18;;;;;;;;;;;;;;;Flap Lever;;;;;;;;;;;;;;;;;;;;;;;;;;;;;;;;;;;;;;;;;;;;;;;
a3712cd39;;;;;;;;;;;;;;;;DDD erase;;;;;;;;;;;;;;;;;;;;;;;;;;;;;;;;;;;;;;;;;;;;;;
a3713cd39;;;;;;;;;;;;;;;;DDD pulse gain;;;;;;;;;;;;;;;;;;;;;;;;;;;;;;;;;;;;;;;;;;;;;;
a3093cd58;;;;;;;;;;;;;;;;HCU dual stage trigger (axis thresholds);;;;;;;;;;;;;;;;;;;;;;;;;;;;;;;;;;;;;;;;;;;;;;
a3089cd58;;;;;;;;;;;;;;;;HCU left/right;;;;;;;;;;;;;;;;;;;;;;;;;;;;;;;;;;;;;;;;;;;;;;
a3090cd58;;;;;;;;;;;;;;;;HCU up/down;;;;;;;;;;;;;;;;;;;;;;;;;;;;;;;;;;;;;;;;;;;;;;
a3679cd39;;;;;;;;;;;;;;;;HCU vernier thumbwheel;;;;;;;;;;;;;;;;;;;;;;;;;;;;;;;;;;;;;;;;;;;;;;
a3681cd39;;;;;;;;;;;;;;;;HCU vernier thumbwheel relative adjustment;;;;;;;;;;;;;;;;;;;;;;;;;;;;;;;;;;;;;;;;;;;;;;
a3393cd2;;;;;;;;;;;;;;;;ICS Button ICS (Intercom) PTT (axis threshold);;;;;;;;;;;;;;;;;;;;;;;;;;;;;;;;;;;;;;;;;;;;;;
a3723cd2;;;;;;;;;;;;;;;;ICS Button ICS (Intercom) PTT (axis threshold) - SRS Only / No Menu;;;;;;;;;;;;;;;;;;;;;;;;;;;;;;;;;;;;;;;;;;;;;;
a3394cd2;;;;;;;;;;;;;;;;ICS Button MIC (UHF) PTT (axis threshold);;;;;;;;;;;;;;;;;;;;;;;;;;;;;;;;;;;;;;;;;;;;;;
a3724cd2;;;;;;;;;;;;;;;;ICS Button MIC (UHF) PTT (axis threshold) - SRS Only / No Menu;;;;;;;;;;;;;;;;;;;;;;;;;;;;;;;;;;;;;;;;;;;;;;
a3702cd38;;;;;;;;;;;;;;;;LANTIRN S3 HAT X Axis (WP-, WP+);;;;;;;;;;;;;;;;;;;;;;;;;;;;;;;;;;;;;;;;;;;;;;
a3703cd38;;;;;;;;;;;;;;;;LANTIRN S3 HAT Y Axis (AREA, POINT);;;;;;;;;;;;;;;;;;;;;;;;;;;;;;;;;;;;;;;;;;;;;;
a3700cd38;;;;;;;;;;;;;;;;LANTIRN S4 HAT X Axis (QDES);;;;;;;;;;;;;;;;;;;;;;;;;;;;;;;;;;;;;;;;;;;;;;
a3701cd38;;;;;;;;;;;;;;;;LANTIRN S4 HAT Y Axis (QSNO, QHUD);;;;;;;;;;;;;;;;;;;;;;;;;;;;;;;;;;;;;;;;;;;;;;
a3499cd38;;;;;;;;;;;;;;;;LANTIRN Slew X;;;;;;;;;;;;;;;;;;;;;;;;;;;;;;;;;;;;;;;;;;;;;;
a3500cd38;;;;;;;;;;;;;;;;LANTIRN Slew Y;;;;;;;;;;;;;;;;;;;;;;;;;;;;;;;;;;;;;;;;;;;;;;
a3699cd38;;;;;;;;;;;;;;;;LANTIRN Trigger Axis (Latched, Lase, Designate);;;;;;;;;;;;;;;;;;;;;;;;;;;;;;;;;;;;;;;;;;;;;;
a3447cd39;;;;;;;;;;;;;;;;Radar azimuth control;;;;;;;;;;;;;;;;;;;;;;;;;;;;;;;;;;;;;;;;;;;;;;
a3677cd39;;;;;;;;;;;;;;;;Radar azimuth relative adjustment;;;;;;;;;;;;;;;;;;;;;;;;;;;;;;;;;;;;;;;;;;;;;;
a3446cd39;;;;;;;;;;;;;;;;Radar elevation control;;;;;;;;;;;;;;;;;;;;;;;;;;;;;;;;;;;;;;;;;;;;;;
a3678cd39;;;;;;;;;;;;;;;;Radar elevation relative adjustment;;;;;;;;;;;;;;;;;;;;;;;;;;;;;;;;;;;;;;;;;;;;;;
a3752cd37;;;;;;;;;;;;;;;;TCS azimuth trim axis;;;;;;;;;;;;;;;;;;;;;;;;;;;;;;;;;;;;;;;;;;;;;;
a3753cd37;;;;;;;;;;;;;;;;TCS elevation trim axis;;;;;;;;;;;;;;;;;;;;;;;;;;;;;;;;;;;;;;;;;;;;;;
a3002cd50;;;;;;;;;;;;;;;;;;ADI Pitch Trim Knob;;;;;;;;;;;;;;;;;;;;;;;;;;;;;;;;;;;;;;;;;;;;
a3017cd11;;;;;;;;;;;;;;;;;;AERIAL REFUELING Knob;;;;;;;;;;;;;;;;;;;;;;;;;;;;;;;;;;;;;;;;;;;;
a3032cd16;;;;;;;;;;;;;;;;;;ANT ELEV Knob;;;;;;;;;;;;;;;;;;;;;;;;;;;;;;;;;;;;;;;;;;;;
a3025cd12;;;;;;;;;;;;;;;;;;AOA Indexer Dimming Lever;;;;;;;;;;;;;;;;;;;;;;;;;;;;;;;;;;;;;;;;;;;;
a3027cd12;;;;;;;;;;;;;;;;;;AR Status Indicator Dimming Lever;;;;;;;;;;;;;;;;;;;;;;;;;;;;;;;;;;;;;;;;;;;;
a3020cd39;;;;;;;;;;;;;;;;;;COMM 1 (UHF) Power Knob;;;;;;;;;;;;;;;;;;;;;;;;;;;;;;;;;;;;;;;;;;;;
a3023cd39;;;;;;;;;;;;;;;;;;COMM 2 (VHF) Power Knob;;;;;;;;;;;;;;;;;;;;;;;;;;;;;;;;;;;;;;;;;;;;
a3008cd13;;;;;;;;;;;;;;;;;;DEFOG Lever;;;;;;;;;;;;;;;;;;;;;;;;;;;;;;;;;;;;;;;;;;;;
a3014cd11;;;;;;;;;;;;;;;;;;FORM Knob;;;;;;;;;;;;;;;;;;;;;;;;;;;;;;;;;;;;;;;;;;;;
a3003cd30;;;;;;;;;;;;;;;;;;HMCS SYMBOLOGY INT Knob;;;;;;;;;;;;;;;;;;;;;;;;;;;;;;;;;;;;;;;;;;;;
a3041cd17;;;;;;;;;;;;;;;;;;HUD Symbology Intensity Knob;;;;;;;;;;;;;;;;;;;;;;;;;;;;;;;;;;;;;;;;;;;;
a3034cd39;;;;;;;;;;;;;;;;;;ILS Power Knob;;;;;;;;;;;;;;;;;;;;;;;;;;;;;;;;;;;;;;;;;;;;
a3038cd39;;;;;;;;;;;;;;;;;;INTERCOM Knob;;;;;;;;;;;;;;;;;;;;;;;;;;;;;;;;;;;;;;;;;;;;
a3010cd42;;;;;;;;;;;;;;;;;;KY-58 VOLUME Knob;;;;;;;;;;;;;;;;;;;;;;;;;;;;;;;;;;;;;;;;;;;;
a3028cd16;;;;;;;;;;;;;;;;;;MAN RNG Knob;;;;;;;;;;;;;;;;;;;;;;;;;;;;;;;;;;;;;;;;;;;;
a3028cd39;;;;;;;;;;;;;;;;;;MSL Tone Knob;;;;;;;;;;;;;;;;;;;;;;;;;;;;;;;;;;;;;;;;;;;;
a3013cd12;;;;;;;;;;;;;;;;;;PRIMARY CONSOLES BRT Knob;;;;;;;;;;;;;;;;;;;;;;;;;;;;;;;;;;;;;;;;;;;;
a3047cd17;;;;;;;;;;;;;;;;;;Raster Contrast Knob;;;;;;;;;;;;;;;;;;;;;;;;;;;;;;;;;;;;;;;;;;;;
a3045cd17;;;;;;;;;;;;;;;;;;Raster Intensity Knob;;;;;;;;;;;;;;;;;;;;;;;;;;;;;;;;;;;;;;;;;;;;
a3047cd16;;;;;;;;;;;;;;;;;;RDR CURSOR Switch - X axis;;;;;;;;;;;;;;;;;;;;;;;;;;;;;;;;;;;;;;;;;;;;
a3046cd16;;;;;;;;;;;;;;;;;;RDR CURSOR Switch - Y axis;;;;;;;;;;;;;;;;;;;;;;;;;;;;;;;;;;;;;;;;;;;;
a3043cd17;;;;;;;;;;;;;;;;;;Reticle Depression Control Knob;;;;;;;;;;;;;;;;;;;;;;;;;;;;;;;;;;;;;;;;;;;;
a3024cd2;;;;;;;;;;;;;;;;;;ROLL TRIM Wheel;;;;;;;;;;;;;;;;;;;;;;;;;;;;;;;;;;;;;;;;;;;;
a3016cd33;;;;;;;;;;;;;;;;;;RWR Indicator Control DIM Knob;;;;;;;;;;;;;;;;;;;;;;;;;;;;;;;;;;;;;;;;;;;;
a3014cd33;;;;;;;;;;;;;;;;;;RWR Intensity Knob;;;;;;;;;;;;;;;;;;;;;;;;;;;;;;;;;;;;;;;;;;;;
a3008cd47;;;;;;;;;;;;;;;;;;SAI Cage Knob;;;;;;;;;;;;;;;;;;;;;;;;;;;;;;;;;;;;;;;;;;;;
a3026cd39;;;;;;;;;;;;;;;;;;SECURE VOICE Knob;;;;;;;;;;;;;;;;;;;;;;;;;;;;;;;;;;;;;;;;;;;;
a3036cd39;;;;;;;;;;;;;;;;;;TACAN Knob;;;;;;;;;;;;;;;;;;;;;;;;;;;;;;;;;;;;;;;;;;;;
a3006cd13;;;;;;;;;;;;;;;;;;TEMP Knob;;;;;;;;;;;;;;;;;;;;;;;;;;;;;;;;;;;;;;;;;;;;
a3030cd39;;;;;;;;;;;;;;;;;;TF Tone Knob;;;;;;;;;;;;;;;;;;;;;;;;;;;;;;;;;;;;;;;;;;;;
a3032cd39;;;;;;;;;;;;;;;;;;THREAT Tone Knob;;;;;;;;;;;;;;;;;;;;;;;;;;;;;;;;;;;;;;;;;;;;
a3024cd37;;;;;;;;;;;;;;;;;;UHF VOL Knob;;;;;;;;;;;;;;;;;;;;;;;;;;;;;;;;;;;;;;;;;;;;
a3028cd2;;;;;;;;;;;;;;;;;;YAW TRIM Knob;;;;;;;;;;;;;;;;;;;;;;;;;;;;;;;;;;;;;;;;;;;;
a3002cd32;;;;;;;;;;;;;;;;;;;;AI Pitch Trim Knob;;;;;;;;;;;;;;;;;;;;;;;;;;;;;;;;;;;;;;;;;;
a3018cd17;;;;;;;;;;;;;;;;;;;;AN/APQ-159 Radar Bright Knob;;;;;;;;;;;;;;;;;;;;;;;;;;;;;;;;;;;;;;;;;;
a3024cd17;;;;;;;;;;;;;;;;;;;;AN/APQ-159 Radar Cursor Knob;;;;;;;;;;;;;;;;;;;;;;;;;;;;;;;;;;;;;;;;;;
a3020cd17;;;;;;;;;;;;;;;;;;;;AN/APQ-159 Radar Persistence Knob;;;;;;;;;;;;;;;;;;;;;;;;;;;;;;;;;;;;;;;;;;
a3026cd17;;;;;;;;;;;;;;;;;;;;AN/APQ-159 Radar Pitch Knob;;;;;;;;;;;;;;;;;;;;;;;;;;;;;;;;;;;;;;;;;;
a3016cd17;;;;;;;;;;;;;;;;;;;;AN/APQ-159 Radar Scale Knob;;;;;;;;;;;;;;;;;;;;;;;;;;;;;;;;;;;;;;;;;;
a3002cd17;;;;;;;;;;;;;;;;;;;;AN/APQ-159 Radar TDC Button - Azimuth;;;;;;;;;;;;;;;;;;;;;;;;;;;;;;;;;;;;;;;;;;
a3003cd17;;;;;;;;;;;;;;;;;;;;AN/APQ-159 Radar TDC Button - Range;;;;;;;;;;;;;;;;;;;;;;;;;;;;;;;;;;;;;;;;;;
a3010cd18;;;;;;;;;;;;;;;;;;;;AN/ASG-31 Sight Reticle Depression Knob;;;;;;;;;;;;;;;;;;;;;;;;;;;;;;;;;;;;;;;;;;
a3012cd18;;;;;;;;;;;;;;;;;;;;AN/ASG-31 Sight Reticle Intensity Knob;;;;;;;;;;;;;;;;;;;;;;;;;;;;;;;;;;;;;;;;;;
a3020cd9;;;;;;;;;;;;;;;;;;;;Canopy Defog Knob;;;;;;;;;;;;;;;;;;;;;;;;;;;;;;;;;;;;;;;;;;
a3008cd11;;;;;;;;;;;;;;;;;;;;Exterior Lights Formation Knob;;;;;;;;;;;;;;;;;;;;;;;;;;;;;;;;;;;;;;;;;;
a3032cd15;;;;;;;;;;;;;;;;;;;;Missile Volume Knob;;;;;;;;;;;;;;;;;;;;;;;;;;;;;;;;;;;;;;;;;;
a3018cd2;;;;;;;;;;;;;;;;;;;;Rudder Trim Knob;;;;;;;;;;;;;;;;;;;;;;;;;;;;;;;;;;;;;;;;;;
a3016cd19;;;;;;;;;;;;;;;;;;;;RWR Indicator Control AUDIO Knob;;;;;;;;;;;;;;;;;;;;;;;;;;;;;;;;;;;;;;;;;;
a3014cd19;;;;;;;;;;;;;;;;;;;;RWR Indicator Control DIM Knob;;;;;;;;;;;;;;;;;;;;;;;;;;;;;;;;;;;;;;;;;;
a3002cd20;;;;;;;;;;;;;;;;;;;;RWR Indicator INT Knob;;;;;;;;;;;;;;;;;;;;;;;;;;;;;;;;;;;;;;;;;;
a3003cd34;;;;;;;;;;;;;;;;;;;;SAI Cage/Pitch Trim Knob;;;;;;;;;;;;;;;;;;;;;;;;;;;;;;;;;;;;;;;;;;
a3008cd41;;;;;;;;;;;;;;;;;;;;TACAN Volume Knob;;;;;;;;;;;;;;;;;;;;;;;;;;;;;;;;;;;;;;;;;;
a3025cd23;;;;;;;;;;;;;;;;;;;;UHF Radio Volume Knob - CCW/Decrease;;;;;;;;;;;;;;;;;;;;;;;;;;;;;;;;;;;;;;;;;;
a3049cd5;;;;;;;;;;;;;;;;;;;;;;A-4 Sight Bombing Altimeter Index Altitude Handle;;;;;;;;;;;;;;;;;;;;;;;;;;;;;;;;;;;;;;;;
a3050cd5;;;;;;;;;;;;;;;;;;;;;;A-4 Sight Bombing Altimeter Target Altitude Knob;;;;;;;;;;;;;;;;;;;;;;;;;;;;;;;;;;;;;;;;
a3016cd27;;;;;;;;;;;;;;;;;;;;;;AN/ARN-6 Audio Volume Control;;;;;;;;;;;;;;;;;;;;;;;;;;;;;;;;;;;;;;;;
a3028cd22;;;;;;;;;;;;;;;;;;;;;;Bomb-Target Wind Control Knob;;;;;;;;;;;;;;;;;;;;;;;;;;;;;;;;;;;;;;;;
a3021cd16;;;;;;;;;;;;;;;;;;;;;;Cockpit Air Temperature Control Rheostat;;;;;;;;;;;;;;;;;;;;;;;;;;;;;;;;;;;;;;;;
a3012cd17;;;;;;;;;;;;;;;;;;;;;;Console and Panel Light Rheostat;;;;;;;;;;;;;;;;;;;;;;;;;;;;;;;;;;;;;;;;
a3055cd5;;;;;;;;;;;;;;;;;;;;;;G-Limit Indicator Light Brightness;;;;;;;;;;;;;;;;;;;;;;;;;;;;;;;;;;;;;;;;
a3011cd17;;;;;;;;;;;;;;;;;;;;;;Instrument Panel Auxiliary Light Rheostat;;;;;;;;;;;;;;;;;;;;;;;;;;;;;;;;;;;;;;;;
a3010cd17;;;;;;;;;;;;;;;;;;;;;;Instrument Panel Primary Light Rheostat;;;;;;;;;;;;;;;;;;;;;;;;;;;;;;;;;;;;;;;;
a3004cd24;;;;;;;;;;;;;;;;;;;;;;J-8 Attitude Indicator Pitch Trim Knob;;;;;;;;;;;;;;;;;;;;;;;;;;;;;;;;;;;;;;;;
a3052cd5;;;;;;;;;;;;;;;;;;;;;;Manual Pip Control Knob;;;;;;;;;;;;;;;;;;;;;;;;;;;;;;;;;;;;;;;;
a3051cd5;;;;;;;;;;;;;;;;;;;;;;Missile Tone Volume;;;;;;;;;;;;;;;;;;;;;;;;;;;;;;;;;;;;;;;;
a3005cd14;;;;;;;;;;;;;;;;;;;;;;Oxygen Regulator Supply Lever;;;;;;;;;;;;;;;;;;;;;;;;;;;;;;;;;;;;;;;;
a3010cd53;;;;;;;;;;;;;;;;;;;;;;;;ALR-67 DMR Control Knob;;;;;;;;;;;;;;;;;;;;;;;;;;;;;;;;;;;;;;
a3042cd37;;;;;;;;;;;;;;;;;;;;;;;;AMPCD Off/Brightness Control Knob;;;;;;;;;;;;;;;;;;;;;;;;;;;;;;;;;;;;;;
a3020cd34;;;;;;;;;;;;;;;;;;;;;;;;AOA Indexer Control Knob;;;;;;;;;;;;;;;;;;;;;;;;;;;;;;;;;;;;;;
a3034cd40;;;;;;;;;;;;;;;;;;;;;;;;AUX Volume Control Knob;;;;;;;;;;;;;;;;;;;;;;;;;;;;;;;;;;;;;;
a3018cd34;;;;;;;;;;;;;;;;;;;;;;;;Balance Control Knob;;;;;;;;;;;;;;;;;;;;;;;;;;;;;;;;;;;;;;
a3015cd34;;;;;;;;;;;;;;;;;;;;;;;;Black Level Control Knob;;;;;;;;;;;;;;;;;;;;;;;;;;;;;;;;;;;;;;
a3018cd11;;;;;;;;;;;;;;;;;;;;;;;;Cabin Temperature Knob;;;;;;;;;;;;;;;;;;;;;;;;;;;;;;;;;;;;;;
a3011cd9;;;;;;;;;;;;;;;;;;;;;;;;CONSOLES Lights Dimmer Control;;;;;;;;;;;;;;;;;;;;;;;;;;;;;;;;;;;;;;
a3016cd11;;;;;;;;;;;;;;;;;;;;;;;;Defog Handle;;;;;;;;;;;;;;;;;;;;;;;;;;;;;;;;;;;;;;
a3015cd9;;;;;;;;;;;;;;;;;;;;;;;;FLOOD Light Dimmer Control;;;;;;;;;;;;;;;;;;;;;;;;;;;;;;;;;;;;;;
a3008cd8;;;;;;;;;;;;;;;;;;;;;;;;FORMATION Lights Dimmer Control;;;;;;;;;;;;;;;;;;;;;;;;;;;;;;;;;;;;;;
a3003cd58;;;;;;;;;;;;;;;;;;;;;;;;HMD OFF/BRT Knob;;;;;;;;;;;;;;;;;;;;;;;;;;;;;;;;;;;;;;
a3012cd34;;;;;;;;;;;;;;;;;;;;;;;;HUD Symbology Brightness Control Knob;;;;;;;;;;;;;;;;;;;;;;;;;;;;;;;;;;;;;;
a3022cd40;;;;;;;;;;;;;;;;;;;;;;;;ICS Volume Control Knob;;;;;;;;;;;;;;;;;;;;;;;;;;;;;;;;;;;;;;
a3009cd33;;;;;;;;;;;;;;;;;;;;;;;;IFEI Brightness Control Knob;;;;;;;;;;;;;;;;;;;;;;;;;;;;;;;;;;;;;;
a3013cd9;;;;;;;;;;;;;;;;;;;;;;;;INST PNL Dimmer Control;;;;;;;;;;;;;;;;;;;;;;;;;;;;;;;;;;;;;;
a3010cd41;;;;;;;;;;;;;;;;;;;;;;;;KY-58 Volume Control Knob;;;;;;;;;;;;;;;;;;;;;;;;;;;;;;;;;;;;;;
a3023cd11;;;;;;;;;;;;;;;;;;;;;;;;Left Louver;;;;;;;;;;;;;;;;;;;;;;;;;;;;;;;;;;;;;;
a3043cd35;;;;;;;;;;;;;;;;;;;;;;;;Left MDI Brightness Control Knob;;;;;;;;;;;;;;;;;;;;;;;;;;;;;;;;;;;;;;
a3045cd35;;;;;;;;;;;;;;;;;;;;;;;;Left MDI Contrast Control Knob;;;;;;;;;;;;;;;;;;;;;;;;;;;;;;;;;;;;;;
a3028cd40;;;;;;;;;;;;;;;;;;;;;;;;MIDS A Volume Control Knob;;;;;;;;;;;;;;;;;;;;;;;;;;;;;;;;;;;;;;
a3030cd40;;;;;;;;;;;;;;;;;;;;;;;;MIDS B Volume Control Knob;;;;;;;;;;;;;;;;;;;;;;;;;;;;;;;;;;;;;;
a3005cd10;;;;;;;;;;;;;;;;;;;;;;;;OXY Flow Knob;;;;;;;;;;;;;;;;;;;;;;;;;;;;;;;;;;;;;;
a3026cd13;;;;;;;;;;;;;;;;;;;;;;;;Radar Elevation Control;;;;;;;;;;;;;;;;;;;;;;;;;;;;;;;;;;;;;;
a3025cd11;;;;;;;;;;;;;;;;;;;;;;;;Right Louver;;;;;;;;;;;;;;;;;;;;;;;;;;;;;;;;;;;;;;
a3043cd36;;;;;;;;;;;;;;;;;;;;;;;;Right MDI Brightness Control Knob;;;;;;;;;;;;;;;;;;;;;;;;;;;;;;;;;;;;;;
a3045cd36;;;;;;;;;;;;;;;;;;;;;;;;Right MDI Contrast Control Knob;;;;;;;;;;;;;;;;;;;;;;;;;;;;;;;;;;;;;;
a3014cd2;;;;;;;;;;;;;;;;;;;;;;;;RUD TRIM Control;;;;;;;;;;;;;;;;;;;;;;;;;;;;;;;;;;;;;;
a3013cd53;;;;;;;;;;;;;;;;;;;;;;;;RWR Intensity Knob;;;;;;;;;;;;;;;;;;;;;;;;;;;;;;;;;;;;;;
a3024cd40;;;;;;;;;;;;;;;;;;;;;;;;RWR Volume Control Knob;;;;;;;;;;;;;;;;;;;;;;;;;;;;;;;;;;;;;;
a3020cd11;;;;;;;;;;;;;;;;;;;;;;;;Suit Temperature Knob;;;;;;;;;;;;;;;;;;;;;;;;;;;;;;;;;;;;;;
a3032cd40;;;;;;;;;;;;;;;;;;;;;;;;TACAN Volume Control Knob;;;;;;;;;;;;;;;;;;;;;;;;;;;;;;;;;;;;;;
a3044cd13;;;;;;;;;;;;;;;;;;;;;;;;Throttle Designator Controller - Horizontal Axis;;;;;;;;;;;;;;;;;;;;;;;;;;;;;;;;;;;;;;
a3043cd13;;;;;;;;;;;;;;;;;;;;;;;;Throttle Designator Controller - Vertical Axis;;;;;;;;;;;;;;;;;;;;;;;;;;;;;;;;;;;;;;
a3023cd2;;;;;;;;;;;;;;;;;;;;;;;;Throttles Friction Adjusting Lever;;;;;;;;;;;;;;;;;;;;;;;;;;;;;;;;;;;;;;
a3041cd25;;;;;;;;;;;;;;;;;;;;;;;;UFC Brightness Control Knob;;;;;;;;;;;;;;;;;;;;;;;;;;;;;;;;;;;;;;
a3037cd25;;;;;;;;;;;;;;;;;;;;;;;;UFC COMM 1 Volume Control Knob;;;;;;;;;;;;;;;;;;;;;;;;;;;;;;;;;;;;;;
a3039cd25;;;;;;;;;;;;;;;;;;;;;;;;UFC COMM 2 Volume Control Knob;;;;;;;;;;;;;;;;;;;;;;;;;;;;;;;;;;;;;;
a3021cd9;;;;;;;;;;;;;;;;;;;;;;;;Utility Light BRT Control;;;;;;;;;;;;;;;;;;;;;;;;;;;;;;;;;;;;;;
a3020cd40;;;;;;;;;;;;;;;;;;;;;;;;VOX Volume Control Knob;;;;;;;;;;;;;;;;;;;;;;;;;;;;;;;;;;;;;;
a3023cd9;;;;;;;;;;;;;;;;;;;;;;;;WARN/CAUTION Dimmer Control;;;;;;;;;;;;;;;;;;;;;;;;;;;;;;;;;;;;;;
a3026cd40;;;;;;;;;;;;;;;;;;;;;;;;WPN Volume Control Knob;;;;;;;;;;;;;;;;;;;;;;;;;;;;;;;;;;;;;;
a1663cdnil;;;;;;;;;;;;;;;;;;;;;;;;;;;;;;Accelerator pedal;;;;;;;;;;;;;;;;;;;;;;;;;;;;;;;;
a1664cdnil;;;;;;;;;;;;;;;;;;;;;;;;;;;;;;Turn left/right;;;;;;;;;;;;;;;;;;;;;;;;;;;;;;;;
a3001cd2;;;;;;;;;;;;;;;;;;;;;;;;;;;;;;;Engine RPM Setting;;;;;;;;;;;;;;;;;;;;;;;;;;;;;;;
a2090cdnil;;;;;;;;;;;;;;;;;;;;;;;;;;;;;;;;;ACP COM1 Volume Knob Abs;;;;;;;;;;;;;;;;;;;;;;;;;;;;;
a2091cdnil;;;;;;;;;;;;;;;;;;;;;;;;;;;;;;;;;ACP COM2 Volume Knob Abs;;;;;;;;;;;;;;;;;;;;;;;;;;;;;
a2093cdnil;;;;;;;;;;;;;;;;;;;;;;;;;;;;;;;;;ACP MSL Volume Knob Abs;;;;;;;;;;;;;;;;;;;;;;;;;;;;;
a2092cdnil;;;;;;;;;;;;;;;;;;;;;;;;;;;;;;;;;ACP TCN/ILS Volume Knob Abs;;;;;;;;;;;;;;;;;;;;;;;;;;;;;
a2095cdnil;;;;;;;;;;;;;;;;;;;;;;;;;;;;;;;;;Cpt Console Light Knob Abs;;;;;;;;;;;;;;;;;;;;;;;;;;;;;
a2096cdnil;;;;;;;;;;;;;;;;;;;;;;;;;;;;;;;;;Cpt Flood Light Knob Abs;;;;;;;;;;;;;;;;;;;;;;;;;;;;;
a2094cdnil;;;;;;;;;;;;;;;;;;;;;;;;;;;;;;;;;Cpt Inst. Light Knob Abs;;;;;;;;;;;;;;;;;;;;;;;;;;;;;
a2097cdnil;;;;;;;;;;;;;;;;;;;;;;;;;;;;;;;;;Ext AAR Light Brightness Knob Abs;;;;;;;;;;;;;;;;;;;;;;;;;;;;;
a2088cdnil;;;;;;;;;;;;;;;;;;;;;;;;;;;;;;;;;HUD Brightness Knob Abs;;;;;;;;;;;;;;;;;;;;;;;;;;;;;
a2131cdnil;;;;;;;;;;;;;;;;;;;;;;;;;;;;;;;;;T6_Axis: Antenna Elevation (Slide);;;;;;;;;;;;;;;;;;;;;;;;;;;;;
a2089cdnil;;;;;;;;;;;;;;;;;;;;;;;;;;;;;;;;;UFCP Brightness Knob Abs;;;;;;;;;;;;;;;;;;;;;;;;;;;;;
a3309cd1;;;;;;;;;;;;;;;;;;;;;;;;;;;;;;;;;;;;;;Altimeter Calibration;;;;;;;;;;;;;;;;;;;;;;;;
a3328cd1;;;;;;;;;;;;;;;;;;;;;;;;;;;;;;;;;;;;;;Backup ADI Pitch Adjust;;;;;;;;;;;;;;;;;;;;;;;;
a3643cd16;;;;;;;;;;;;;;;;;;;;;;;;;;;;;;;;;;;;;;Caution/Advisory Lights Knob;;;;;;;;;;;;;;;;;;;;;;;;
a3642cd16;;;;;;;;;;;;;;;;;;;;;;;;;;;;;;;;;;;;;;Console Panel Lights Knob;;;;;;;;;;;;;;;;;;;;;;;;
a3640cd16;;;;;;;;;;;;;;;;;;;;;;;;;;;;;;;;;;;;;;Dashboard Panel Lights Knob;;;;;;;;;;;;;;;;;;;;;;;;
a3639cd16;;;;;;;;;;;;;;;;;;;;;;;;;;;;;;;;;;;;;;Dashboard U.V. Lights Knob;;;;;;;;;;;;;;;;;;;;;;;;
a3915cd7;;;;;;;;;;;;;;;;;;;;;;;;;;;;;;;;;;;;;;Emergency Throttle;;;;;;;;;;;;;;;;;;;;;;;;
a3202cd5;;;;;;;;;;;;;;;;;;;;;;;;;;;;;;;;;;;;;;HUD Brightness;;;;;;;;;;;;;;;;;;;;;;;;
a3704cd16;;;;;;;;;;;;;;;;;;;;;;;;;;;;;;;;;;;;;;INTERCOM/APPROACH Volume;;;;;;;;;;;;;;;;;;;;;;;;
a3575cd16;;;;;;;;;;;;;;;;;;;;;;;;;;;;;;;;;;;;;;Light Brightnes Control/Test;;;;;;;;;;;;;;;;;;;;;;;;
a3703cd16;;;;;;;;;;;;;;;;;;;;;;;;;;;;;;;;;;;;;;MISSILE Volume;;;;;;;;;;;;;;;;;;;;;;;;
a3488cd11;;;;;;;;;;;;;;;;;;;;;;;;;;;;;;;;;;;;;;Radar Gain Dial;;;;;;;;;;;;;;;;;;;;;;;;
a3641cd16;;;;;;;;;;;;;;;;;;;;;;;;;;;;;;;;;;;;;;Red Flood Lights Knob;;;;;;;;;;;;;;;;;;;;;;;;
anilcd16;;;;;;;;;;;;;;;;;;;;;;;;;;;;;;;;;;;;;;Refuel Lights Brightness Knob;;;;;;;;;;;;;;;;;;;;;;;;
a3228cd16;;;;;;;;;;;;;;;;;;;;;;;;;;;;;;;;;;;;;;RWR Light Brightnes Control;;;;;;;;;;;;;;;;;;;;;;;;
a3702cd16;;;;;;;;;;;;;;;;;;;;;;;;;;;;;;;;;;;;;;TACAN Volume Knob;;;;;;;;;;;;;;;;;;;;;;;;
a3209cd5;;;;;;;;;;;;;;;;;;;;;;;;;;;;;;;;;;;;;;Target Wingspan Knob;;;;;;;;;;;;;;;;;;;;;;;;
a3705cd16;;;;;;;;;;;;;;;;;;;;;;;;;;;;;;;;;;;;;;TP/MARKER Volume;;;;;;;;;;;;;;;;;;;;;;;;
a3706cd16;;;;;;;;;;;;;;;;;;;;;;;;;;;;;;;;;;;;;;UHF RED Volume;;;;;;;;;;;;;;;;;;;;;;;;
a3707cd16;;;;;;;;;;;;;;;;;;;;;;;;;;;;;;;;;;;;;;V/UHF Radio Volume;;;;;;;;;;;;;;;;;;;;;;;;
a3701cd16;;;;;;;;;;;;;;;;;;;;;;;;;;;;;;;;;;;;;;VOR/ILS Volume;;;;;;;;;;;;;;;;;;;;;;;;
a3644cd16;;;;;;;;;;;;;;;;;;;;;;;;;;;;;;;;;;;;;;White Flood Lights Knob;;;;;;;;;;;;;;;;;;;;;;;;
a3016cd16;;;;;;;;;;;;;;;;;;;;;;;;;;;;;;;;;;;;;;;Autopilot Heading Adjustment;;;;;;;;;;;;;;;;;;;;;;;
a3018cd16;;;;;;;;;;;;;;;;;;;;;;;;;;;;;;;;;;;;;;;Autopilot Pitch Adjustment;;;;;;;;;;;;;;;;;;;;;;;
a3017cd16;;;;;;;;;;;;;;;;;;;;;;;;;;;;;;;;;;;;;;;Autopilot Roll Adjustment;;;;;;;;;;;;;;;;;;;;;;;
a2100cdnil;;;;;;;;;;;;;;;;;;;;;;;;;;;;;;;;;;;;;;;Rotor Brake Handle;;;;;;;;;;;;;;;;;;;;;;;
a3009cd47;;;;;;;;;;;;;;;;;;;;;;;;;;;;;;;;;;;;;;;Sight Intensity Adjustment;;;;;;;;;;;;;;;;;;;;;;;
a3010cd47;;;;;;;;;;;;;;;;;;;;;;;;;;;;;;;;;;;;;;;Sight Limb Adjustment;;;;;;;;;;;;;;;;;;;;;;;
a3086cd3;;;;;;;;;;;;;;;;;;;;;;;;;;;;;;;;;;;;;;;Throttle Left;;;;;;;;;;;;;;;;;;;;;;;
a3087cd3;;;;;;;;;;;;;;;;;;;;;;;;;;;;;;;;;;;;;;;Throttle Right;;;;;;;;;;;;;;;;;;;;;;;
a3094cd12;;;;;;;;;;;;;;;;;;;;;;;;;;;;;;;;;;;;;;;;;Camera Horizontal View;;;;;;;;;;;;;;;;;;;;;
a3095cd12;;;;;;;;;;;;;;;;;;;;;;;;;;;;;;;;;;;;;;;;;Camera Vertical View;;;;;;;;;;;;;;;;;;;;;
a3089cd12;;;;;;;;;;;;;;;;;;;;;;;;;;;;;;;;;;;;;;;;;Gun Left/Right;;;;;;;;;;;;;;;;;;;;;
a3088cd12;;;;;;;;;;;;;;;;;;;;;;;;;;;;;;;;;;;;;;;;;Gun Up/Down;;;;;;;;;;;;;;;;;;;;;
a3008cd25;;;;;;;;;;;;;;;;;;;;;;;;;;;;;;;;;;;;;;;;;;AGK-47B Artificial Horizon Zero Pitch Trim Knob;;;;;;;;;;;;;;;;;;;;
a3009cd9;;;;;;;;;;;;;;;;;;;;;;;;;;;;;;;;;;;;;;;;;;Air Diluter Valve;;;;;;;;;;;;;;;;;;;;
a3018cd12;;;;;;;;;;;;;;;;;;;;;;;;;;;;;;;;;;;;;;;;;;Air Net Valve;;;;;;;;;;;;;;;;;;;;
a3025cd29;;;;;;;;;;;;;;;;;;;;;;;;;;;;;;;;;;;;;;;;;;ARK-5 Audio Volume Knob;;;;;;;;;;;;;;;;;;;;
a3026cd29;;;;;;;;;;;;;;;;;;;;;;;;;;;;;;;;;;;;;;;;;;ARK-5 Scale Light Knob;;;;;;;;;;;;;;;;;;;;
a3006cd26;;;;;;;;;;;;;;;;;;;;;;;;;;;;;;;;;;;;;;;;;;ASP-3N Gunsight Target Distance;;;;;;;;;;;;;;;;;;;;
a3007cd26;;;;;;;;;;;;;;;;;;;;;;;;;;;;;;;;;;;;;;;;;;ASP-3N Gunsight Target Wingspan Adjustment Dial;;;;;;;;;;;;;;;;;;;;
a3005cd8;;;;;;;;;;;;;;;;;;;;;;;;;;;;;;;;;;;;;;;;;;Cockpit Air Valve;;;;;;;;;;;;;;;;;;;;
a3016cd12;;;;;;;;;;;;;;;;;;;;;;;;;;;;;;;;;;;;;;;;;;Emergency Gears Valve;;;;;;;;;;;;;;;;;;;;
a3007cd22;;;;;;;;;;;;;;;;;;;;;;;;;;;;;;;;;;;;;;;;;;Left UV Light Rheostat;;;;;;;;;;;;;;;;;;;;
a3008cd9;;;;;;;;;;;;;;;;;;;;;;;;;;;;;;;;;;;;;;;;;;Oxygen Emergency Valve;;;;;;;;;;;;;;;;;;;;
a3007cd9;;;;;;;;;;;;;;;;;;;;;;;;;;;;;;;;;;;;;;;;;;Oxygen Supply Valve;;;;;;;;;;;;;;;;;;;;
a3009cd22;;;;;;;;;;;;;;;;;;;;;;;;;;;;;;;;;;;;;;;;;;Panels Light Rheostat;;;;;;;;;;;;;;;;;;;;
a3020cd30;;;;;;;;;;;;;;;;;;;;;;;;;;;;;;;;;;;;;;;;;;RSI-6K Antenna Control Handle;;;;;;;;;;;;;;;;;;;;
a3019cd30;;;;;;;;;;;;;;;;;;;;;;;;;;;;;;;;;;;;;;;;;;RSI-6K Wave Control Handle;;;;;;;;;;;;;;;;;;;;
a3360cd9;;;;;;;;;;;;;;;;;;;;;;;;;;;;;;;;;;;;;;;;;;;AGI-1 Artificial Horizon Pitch Trim Knob;;;;;;;;;;;;;;;;;;;
a3352cd20;;;;;;;;;;;;;;;;;;;;;;;;;;;;;;;;;;;;;;;;;;;ARK-5 Audio Volume Knob;;;;;;;;;;;;;;;;;;;
a3351cd20;;;;;;;;;;;;;;;;;;;;;;;;;;;;;;;;;;;;;;;;;;;ARK-5 Frequency Scale Backlight Knob;;;;;;;;;;;;;;;;;;;
a616cdnil;;;;;;;;;;;;;;;;;;;;;;;;;;;;;;;;;;;;;;;;;;;ASP-5 Brightness;;;;;;;;;;;;;;;;;;;
a527cdnil;;;;;;;;;;;;;;;;;;;;;;;;;;;;;;;;;;;;;;;;;;;ASP-5 Mil Depression Setting;;;;;;;;;;;;;;;;;;;
a528cdnil;;;;;;;;;;;;;;;;;;;;;;;;;;;;;;;;;;;;;;;;;;;ASP-5 Target Distance Selector;;;;;;;;;;;;;;;;;;;
a529cdnil;;;;;;;;;;;;;;;;;;;;;;;;;;;;;;;;;;;;;;;;;;;ASP-5 Target Wingspan Selector;;;;;;;;;;;;;;;;;;;
a3368cd7;;;;;;;;;;;;;;;;;;;;;;;;;;;;;;;;;;;;;;;;;;;Left Gun Ammo Counter Reset;;;;;;;;;;;;;;;;;;;
a3303cd8;;;;;;;;;;;;;;;;;;;;;;;;;;;;;;;;;;;;;;;;;;;Oxygen shut-off valve;;;;;;;;;;;;;;;;;;;
a3369cd7;;;;;;;;;;;;;;;;;;;;;;;;;;;;;;;;;;;;;;;;;;;Right Gun Ammo Counter Reset;;;;;;;;;;;;;;;;;;;
a3342cd14;;;;;;;;;;;;;;;;;;;;;;;;;;;;;;;;;;;;;;;;;;;RP-5 Radar Electronic Horizon Elevation Adjustment Knob;;;;;;;;;;;;;;;;;;;
a3486cd14;;;;;;;;;;;;;;;;;;;;;;;;;;;;;;;;;;;;;;;;;;;RP-5 Radar Screen Brightness Adjustment Knob;;;;;;;;;;;;;;;;;;;
a3327cd17;;;;;;;;;;;;;;;;;;;;;;;;;;;;;;;;;;;;;;;;;;;RSIU-4V Volume Control Knob;;;;;;;;;;;;;;;;;;;
a3226cd6;;;;;;;;;;;;;;;;;;;;;;;;;;;;;;;;;;;;;;;;;;;RUFO-45 Left Side ARUFOSH UV Lamp Intensity Control Knob;;;;;;;;;;;;;;;;;;;
a3227cd6;;;;;;;;;;;;;;;;;;;;;;;;;;;;;;;;;;;;;;;;;;;RUFO-45 Right Side ARUFOSH UV Lamp Intensity Control Knob;;;;;;;;;;;;;;;;;;;
a3073cd32;;;;;;;;;;;;;;;;;;;;;;;;;;;;;;;;;;;;;;;;;;;;Altimeter pressure;;;;;;;;;;;;;;;;;;
a3048cd24;;;;;;;;;;;;;;;;;;;;;;;;;;;;;;;;;;;;;;;;;;;;ARK Sound;;;;;;;;;;;;;;;;;;
a3231cd46;;;;;;;;;;;;;;;;;;;;;;;;;;;;;;;;;;;;;;;;;;;;Cockpit Texts Back-light;;;;;;;;;;;;;;;;;;
a3166cd41;;;;;;;;;;;;;;;;;;;;;;;;;;;;;;;;;;;;;;;;;;;;Fix Net light control;;;;;;;;;;;;;;;;;;
a3232cd46;;;;;;;;;;;;;;;;;;;;;;;;;;;;;;;;;;;;;;;;;;;;Instruments Back-light;;;;;;;;;;;;;;;;;;
a3163cd41;;;;;;;;;;;;;;;;;;;;;;;;;;;;;;;;;;;;;;;;;;;;Intercept Angle;;;;;;;;;;;;;;;;;;
a3233cd46;;;;;;;;;;;;;;;;;;;;;;;;;;;;;;;;;;;;;;;;;;;;Main Red Lights;;;;;;;;;;;;;;;;;;
a3234cd46;;;;;;;;;;;;;;;;;;;;;;;;;;;;;;;;;;;;;;;;;;;;Main White Lights;;;;;;;;;;;;;;;;;;
a3189cd42;;;;;;;;;;;;;;;;;;;;;;;;;;;;;;;;;;;;;;;;;;;;Missile Seeker Sound;;;;;;;;;;;;;;;;;;
a3144cd23;;;;;;;;;;;;;;;;;;;;;;;;;;;;;;;;;;;;;;;;;;;;NPP Course set;;;;;;;;;;;;;;;;;;
a3165cd41;;;;;;;;;;;;;;;;;;;;;;;;;;;;;;;;;;;;;;;;;;;;Pipper light control;;;;;;;;;;;;;;;;;;
a3044cd22;;;;;;;;;;;;;;;;;;;;;;;;;;;;;;;;;;;;;;;;;;;;Radio Volume;;;;;;;;;;;;;;;;;;
a3058cd25;;;;;;;;;;;;;;;;;;;;;;;;;;;;;;;;;;;;;;;;;;;;RSBN Sound;;;;;;;;;;;;;;;;;;
a3164cd41;;;;;;;;;;;;;;;;;;;;;;;;;;;;;;;;;;;;;;;;;;;;Scale Backlights control;;;;;;;;;;;;;;;;;;
a3086cd37;;;;;;;;;;;;;;;;;;;;;;;;;;;;;;;;;;;;;;;;;;;;SPO-10 Volume;;;;;;;;;;;;;;;;;;
a3162cd41;;;;;;;;;;;;;;;;;;;;;;;;;;;;;;;;;;;;;;;;;;;;Target Size;;;;;;;;;;;;;;;;;;
a3213cd41;;;;;;;;;;;;;;;;;;;;;;;;;;;;;;;;;;;;;;;;;;;;TDC Range / Pipper Span control;;;;;;;;;;;;;;;;;;
a73cdnil;;;;;;;;;;;;;;;;;;;;;;;;;;;;;;;;;;;;;;;;;;;;Wheel Brakes Lever;;;;;;;;;;;;;;;;;;
a3047cd257;;;;;;;;;;;;;;;;;;;;;;;;;;;;;;;;;;;;;;;;;;;;;;;;Power/COM Volume knob;;;;;;;;;;;;;;
a3048cd257;;;;;;;;;;;;;;;;;;;;;;;;;;;;;;;;;;;;;;;;;;;;;;;;VLOC Volume knob;;;;;;;;;;;;;;
a3012cd2;;;;;;;;;;;;;;;;;;;;;;;;;;;;;;;;;;;;;;;;;;;;;;;;;Altimeter Set Pressure (analog);;;;;;;;;;;;;
a3011cd3;;;;;;;;;;;;;;;;;;;;;;;;;;;;;;;;;;;;;;;;;;;;;;;;;Boost (analog);;;;;;;;;;;;;
a3057cd3;;;;;;;;;;;;;;;;;;;;;;;;;;;;;;;;;;;;;;;;;;;;;;;;;Cowl Flaps (axis);;;;;;;;;;;;;
a3008cd3;;;;;;;;;;;;;;;;;;;;;;;;;;;;;;;;;;;;;;;;;;;;;;;;;Engine RPM / Propeller Pitch  (analog);;;;;;;;;;;;;
a3012cd8;;;;;;;;;;;;;;;;;;;;;;;;;;;;;;;;;;;;;;;;;;;;;;;;;Fuel Booster Pump Rheostat (analog);;;;;;;;;;;;;
a3003cd18;;;;;;;;;;;;;;;;;;;;;;;;;;;;;;;;;;;;;;;;;;;;;;;;;Instrument Light (analog);;;;;;;;;;;;;
a3006cd18;;;;;;;;;;;;;;;;;;;;;;;;;;;;;;;;;;;;;;;;;;;;;;;;;Instrument UV Left Light (analog);;;;;;;;;;;;;
a3003cd8;;;;;;;;;;;;;;;;;;;;;;;;;;;;;;;;;;;;;;;;;;;;;;;;;K-14 Brightness;;;;;;;;;;;;;
a3021cd6;;;;;;;;;;;;;;;;;;;;;;;;;;;;;;;;;;;;;;;;;;;;;;;;;K-14 Range to target;;;;;;;;;;;;;
a3012cd6;;;;;;;;;;;;;;;;;;;;;;;;;;;;;;;;;;;;;;;;;;;;;;;;;K-14 Target span;;;;;;;;;;;;;
a3032cd2;;;;;;;;;;;;;;;;;;;;;;;;;;;;;;;;;;;;;;;;;;;;;;;;;Landing Flaps (analog);;;;;;;;;;;;;
a3014cd3;;;;;;;;;;;;;;;;;;;;;;;;;;;;;;;;;;;;;;;;;;;;;;;;;Mixture (analog);;;;;;;;;;;;;
a3019cd23;;;;;;;;;;;;;;;;;;;;;;;;;;;;;;;;;;;;;;;;;;;;;;;;;Radio Volume (analog);;;;;;;;;;;;;
a3045cd2;;;;;;;;;;;;;;;;;;;;;;;;;;;;;;;;;;;;;;;;;;;;;;;;;Tail Wheel Lock (analog);;;;;;;;;;;;;
a3005cd3;;;;;;;;;;;;;;;;;;;;;;;;;;;;;;;;;;;;;;;;;;;;;;;;;Throttle (analog);;;;;;;;;;;;;
a3020cd3;;;;;;;;;;;;;;;;;;;;;;;;;;;;;;;;;;;;;;;;;;;;;;;;;Throttle Friction (analog);;;;;;;;;;;;;
a3006cd2;;;;;;;;;;;;;;;;;;;;;;;;;;;;;;;;;;;;;;;;;;;;;;;;;Trim Elevator (analog);;;;;;;;;;;;;
a3009cd2;;;;;;;;;;;;;;;;;;;;;;;;;;;;;;;;;;;;;;;;;;;;;;;;;Trim Rudder (analog);;;;;;;;;;;;;
a3056cd2;;;;;;;;;;;;;;;;;;;;;;;;;;;;;;;;;;;;;;;;;;;;;;;;;Undercarriage (analog);;;;;;;;;;;;;
a3025cd2;;;;;;;;;;;;;;;;;;;;;;;;;;;;;;;;;;;;;;;;;;;;;;;;;Wheel brake Both (analog);;;;;;;;;;;;;
a3013cd1;;;;;;;;;;;;;;;;;;;;;;;;;;;;;;;;;;;;;;;;;;;;;;;;;;K-14 Brightness;;;;;;;;;;;;
a3011cd1;;;;;;;;;;;;;;;;;;;;;;;;;;;;;;;;;;;;;;;;;;;;;;;;;;K-14 Range to target;;;;;;;;;;;;
a3012cd1;;;;;;;;;;;;;;;;;;;;;;;;;;;;;;;;;;;;;;;;;;;;;;;;;;K-14 Target span;;;;;;;;;;;;
a3028cd14;;;;;;;;;;;;;;;;;;;;;;;;;;;;;;;;;;;;;;;;;;;;;;;;;;;Console lights Intensity;;;;;;;;;;;
a3034cd4;;;;;;;;;;;;;;;;;;;;;;;;;;;;;;;;;;;;;;;;;;;;;;;;;;;Copilot Intercom VHF AM Button Radio Selection/Volume Rotator;;;;;;;;;;;
a3025cd15;;;;;;;;;;;;;;;;;;;;;;;;;;;;;;;;;;;;;;;;;;;;;;;;;;;Formation Lights;;;;;;;;;;;
a3007cd10;;;;;;;;;;;;;;;;;;;;;;;;;;;;;;;;;;;;;;;;;;;;;;;;;;;Fuel Flow Lever;;;;;;;;;;;
a3011cd21;;;;;;;;;;;;;;;;;;;;;;;;;;;;;;;;;;;;;;;;;;;;;;;;;;;Gain Button;;;;;;;;;;;
a3024cd23;;;;;;;;;;;;;;;;;;;;;;;;;;;;;;;;;;;;;;;;;;;;;;;;;;;Off/Brightness;;;;;;;;;;;
a3023cd14;;;;;;;;;;;;;;;;;;;;;;;;;;;;;;;;;;;;;;;;;;;;;;;;;;;Panels internal lights Intensity;;;;;;;;;;;
a3004cd4;;;;;;;;;;;;;;;;;;;;;;;;;;;;;;;;;;;;;;;;;;;;;;;;;;;Pilot Intercom VHF AM Button Radio Selection/Volume Rotator;;;;;;;;;;;
a3017cd14;;;;;;;;;;;;;;;;;;;;;;;;;;;;;;;;;;;;;;;;;;;;;;;;;;;Roof Lamp;;;;;;;;;;;
a3015cd24;;;;;;;;;;;;;;;;;;;;;;;;;;;;;;;;;;;;;;;;;;;;;;;;;;;RWR Audio;;;;;;;;;;;
a3020cd24;;;;;;;;;;;;;;;;;;;;;;;;;;;;;;;;;;;;;;;;;;;;;;;;;;;RWR Brightness;;;;;;;;;;;
a3035cd4;;;;;;;;;;;;;;;;;;;;;;;;;;;;;;;;;;;;;;;;;;;;;;;;;;;SA342 FM1 Radio Volume 2;;;;;;;;;;;
a3019cd13;;;;;;;;;;;;;;;;;;;;;;;;;;;;;;;;;;;;;;;;;;;;;;;;;;;SA342 TV Brightness;;;;;;;;;;;
a3042cd15;;;;;;;;;;;;;;;;;;;;;;;;;;;;;;;;;;;;;;;;;;;;;;;;;;;Strobe Intensity;;;;;;;;;;;
a3018cd13;;;;;;;;;;;;;;;;;;;;;;;;;;;;;;;;;;;;;;;;;;;;;;;;;;;TV Contrast Rotator;;;;;;;;;;;
a3018cd14;;;;;;;;;;;;;;;;;;;;;;;;;;;;;;;;;;;;;;;;;;;;;;;;;;;UV Light;;;;;;;;;;;
a3005cd4;;;;;;;;;;;;;;;;;;;;;;;;;;;;;;;;;;;;;;;;;;;;;;;;;;;Volume FM1;;;;;;;;;;;
a3015cd26;;;;;;;;;;;;;;;;;;;;;;;;;;;;;;;;;;;;;;;;;;;;;;;;;;;Weapons Panel Brightness Rotator;;;;;;;;;;;
a3039cd1;;;;;;;;;;;;;;;;;;;;;;;;;;;;;;;;;;;;;;;;;;;;;;;;;;;;Altimeter Pressure Set (analog);;;;;;;;;;
a3019cd1;;;;;;;;;;;;;;;;;;;;;;;;;;;;;;;;;;;;;;;;;;;;;;;;;;;;Compass Course (analog);;;;;;;;;;
a3008cd2;;;;;;;;;;;;;;;;;;;;;;;;;;;;;;;;;;;;;;;;;;;;;;;;;;;;Engine RPM (analog);;;;;;;;;;
a3012cd5;;;;;;;;;;;;;;;;;;;;;;;;;;;;;;;;;;;;;;;;;;;;;;;;;;;;Gun Sight Base (analog);;;;;;;;;;
a3022cd5;;;;;;;;;;;;;;;;;;;;;;;;;;;;;;;;;;;;;;;;;;;;;;;;;;;;Gun Sight Illumination (analog);;;;;;;;;;
a3009cd5;;;;;;;;;;;;;;;;;;;;;;;;;;;;;;;;;;;;;;;;;;;;;;;;;;;;Gun Sight Range (analog);;;;;;;;;;
a3003cd4;;;;;;;;;;;;;;;;;;;;;;;;;;;;;;;;;;;;;;;;;;;;;;;;;;;;LH Dashboard Lamp Brightness (analog);;;;;;;;;;
a3006cd4;;;;;;;;;;;;;;;;;;;;;;;;;;;;;;;;;;;;;;;;;;;;;;;;;;;;RH Dashboard Lamp Brightness (analog);;;;;;;;;;
a3005cd2;;;;;;;;;;;;;;;;;;;;;;;;;;;;;;;;;;;;;;;;;;;;;;;;;;;;Throttle (analog);;;;;;;;;;
a3031cd1;;;;;;;;;;;;;;;;;;;;;;;;;;;;;;;;;;;;;;;;;;;;;;;;;;;;Trim Elevator (analog);;;;;;;;;;
a3004cd1;;;;;;;;;;;;;;;;;;;;;;;;;;;;;;;;;;;;;;;;;;;;;;;;;;;;Wheel Brakes (analog);;;;;;;;;;
a3012cd27;;;;;;;;;;;;;;;;;;;;;;;;;;;;;;;;;;;;;;;;;;;;;;;;;;;;;;;;;;ADF Gain Knob;;;;
a3014cd21;;;;;;;;;;;;;;;;;;;;;;;;;;;;;;;;;;;;;;;;;;;;;;;;;;;;;;;;;;C1611 Intercom Volume Knob;;;;
a3032cd7;;;;;;;;;;;;;;;;;;;;;;;;;;;;;;;;;;;;;;;;;;;;;;;;;;;;;;;;;;Copilot Instrument Light Knob;;;;
a3005cd26;;;;;;;;;;;;;;;;;;;;;;;;;;;;;;;;;;;;;;;;;;;;;;;;;;;;;;;;;;Marker Beacon Volume Knob;;;;
a3028cd7;;;;;;;;;;;;;;;;;;;;;;;;;;;;;;;;;;;;;;;;;;;;;;;;;;;;;;;;;;Overhead Console Light Knob;;;;
a3033cd7;;;;;;;;;;;;;;;;;;;;;;;;;;;;;;;;;;;;;;;;;;;;;;;;;;;;;;;;;;Pilot Instrument Light Knob;;;;
a3017cd22;;;;;;;;;;;;;;;;;;;;;;;;;;;;;;;;;;;;;;;;;;;;;;;;;;;;;;;;;;UHF Radio Volume Knob;;;;
a3015cd23;;;;;;;;;;;;;;;;;;;;;;;;;;;;;;;;;;;;;;;;;;;;;;;;;;;;;;;;;;VHF FM Radio Volume Knob;;;;
a3043cd9;;;;;;;;;;;;;;;;;;;;;;;;;;;;;;;;;;;;;;;;;;;;;;;;;;;;;;;;;;;;Camera Horizontal View;;
a3044cd9;;;;;;;;;;;;;;;;;;;;;;;;;;;;;;;;;;;;;;;;;;;;;;;;;;;;;;;;;;;;Camera Vertical View;;
a3019cd6;;;;;;;;;;;;;;;;;;;;;;;;;;;;;;;;;;;;;;;;;;;;;;;;;;;;;;;;;;;;;;AGI-1 Artificial Horizon Pitch Trim Knob, analog
a3011cd6;;;;;;;;;;;;;;;;;;;;;;;;;;;;;;;;;;;;;;;;;;;;;;;;;;;;;;;;;;;;;;Altimeter Pressure Set Knob, analog
a3039cd2;;;;;;;;;;;;;;;;;;;;;;;;;;;;;;;;;;;;;;;;;;;;;;;;;;;;;;;;;;;;;;Elevator Trim Tab Control Wheel, analog
a3051cd6;;;;;;;;;;;;;;;;;;;;;;;;;;;;;;;;;;;;;;;;;;;;;;;;;;;;;;;;;;;;;;Emergency Landing Gear Extension Valve, analog
a3053cd3;;;;;;;;;;;;;;;;;;;;;;;;;;;;;;;;;;;;;;;;;;;;;;;;;;;;;;;;;;;;;;Engine Cowl Flaps Control Lever, analog
a3022cd28;;;;;;;;;;;;;;;;;;;;;;;;;;;;;;;;;;;;;;;;;;;;;;;;;;;;;;;;;;;;;;Intercom Volume (analog)
a3013cd27;;;;;;;;;;;;;;;;;;;;;;;;;;;;;;;;;;;;;;;;;;;;;;;;;;;;;;;;;;;;;;LANDYSh-5 VHF Radio 1 MHz Frequency Selector Knob, analog
a3010cd27;;;;;;;;;;;;;;;;;;;;;;;;;;;;;;;;;;;;;;;;;;;;;;;;;;;;;;;;;;;;;;LANDYSh-5 VHF Radio 25 kHz Frequency Selector Knob, analog
a3004cd27;;;;;;;;;;;;;;;;;;;;;;;;;;;;;;;;;;;;;;;;;;;;;;;;;;;;;;;;;;;;;;LANDYSh-5 VHF Radio Volume Control Knob, analog
a3043cd6;;;;;;;;;;;;;;;;;;;;;;;;;;;;;;;;;;;;;;;;;;;;;;;;;;;;;;;;;;;;;;Main Pneumatic System Air Valve, analog
a3059cd3;;;;;;;;;;;;;;;;;;;;;;;;;;;;;;;;;;;;;;;;;;;;;;;;;;;;;;;;;;;;;;Radiator Friction Lever, analog
a3024cd28;;;;;;;;;;;;;;;;;;;;;;;;;;;;;;;;;;;;;;;;;;;;;;;;;;;;;;;;;;;;;;Radio Volume (analog)
a3034cd3;;;;;;;;;;;;;;;;;;;;;;;;;;;;;;;;;;;;;;;;;;;;;;;;;;;;;;;;;;;;;;Throttle Friction Lever, analog
a3018cd3;;;;;;;;;;;;;;;;;;;;;;;;;;;;;;;;;;;;;;;;;;;;;;;;;;;;;;;;;;;;;;Throttle Lever, analog
